calories,sedentaryminutes,totalminutesasleep,sleep_efficiency,cluster,day_type_Weekend,active_day
-0.16402609784887356,-0.9130317161984609,1.1826181670211176,1.111423773116707,-1.23523853899498,-0.6019292654288461,1
-0.6426721025618406,0.6632773640571217,-0.8236482522613263,-0.8726527060094256,1.0498767902159056,1.6613247725836153,0
0.9968280055354487,-0.3235442295739559,0.4826541051825761,1.1769237338058065,-1.23523853899498,-0.6019292654288461,0
1.0628481441165476,-1.111698769701747,0.754614664240863,1.1876123099151505,-0.0926808743895372,-0.6019292654288461,1
0.5429395527903937,0.8489170697897006,-0.8236482522613263,-0.8726527060094256,1.0498767902159056,-0.6019292654288461,0
0.10005445647552201,-0.4896429136504739,0.6565305281870546,1.0647396206666802,-1.23523853899498,-0.6019292654288461,0
-0.908128076440009,-0.4473040333956752,0.12598451953236386,0.5108863388097793,-1.23523853899498,-0.6019292654288461,1
-0.6825592696212545,0.8977696239298529,-0.5606044328442947,1.108371347764205,-1.23523853899498,-0.6019292654288461,0
-0.37171445046858054,-0.7501898690646198,1.3743280693081068,1.237081950128029,-1.23523853899498,-0.6019292654288461,0
-1.4459171219652105,-0.4798724028224434,-0.8236482522613263,-0.8726527060094256,1.0498767902159056,1.6613247725836153,0
0.8524089523892948,-0.8348676295742172,1.10236751024982,1.2271983917205038,-1.23523853899498,-0.6019292654288461,0
0.27198190069713374,-0.4733587289370898,-0.261893654862242,1.1345954692232896,1.0498767902159056,-0.6019292654288461,1
1.188011323509881,-1.1800923454979604,0.8883657588596926,1.2121082511619135,-0.0926808743895372,1.6613247725836153,0
-0.3098205705488003,1.467716088898297,-0.8236482522613263,-0.8726527060094256,1.0498767902159056,-0.6019292654288461,0
-0.8544867138428662,0.5525449080061097,-0.8236482522613263,-0.8726527060094256,-1.23523853899498,-0.6019292654288461,1
0.7478770663025549,0.6437363424010607,-0.8236482522613263,-0.8726527060094256,-0.0926808743895372,-0.6019292654288461,1
-0.6454229416693864,-0.5026702614211812,0.6832807471108205,1.284305290888516,-1.23523853899498,-0.6019292654288461,1
-0.6440475221156134,-0.8446381404022476,0.8214902115502778,1.1610256850948597,-1.23523853899498,1.6613247725836153,1
-0.21354120178469774,-0.8772065098290159,1.1915349066623728,1.0846544872872275,-1.23523853899498,-0.6019292654288461,1
1.1013598916221887,-0.6980804779817906,0.7991983624471395,1.1035269513092398,1.0498767902159056,1.6613247725836153,0
0.6254647260167674,0.5330038863500487,-0.8236482522613263,-0.8726527060094256,1.0498767902159056,-0.6019292654288461,0
1.4342114236352288,0.2822274417639333,-0.49372888553488,1.280731632668804,-0.0926808743895372,1.6613247725836153,1
-0.09112886149891021,1.2983605678791021,-0.8236482522613263,-0.8726527060094256,1.0498767902159056,-0.6019292654288461,0
-1.1790857285332692,-1.095414584988363,1.6061632999807447,1.2214561834907798,-1.23523853899498,-0.6019292654288461,0
-0.4707446583402289,-0.6785394563257297,0.9819915250928734,1.0447140433413165,-1.23523853899498,-0.6019292654288461,0
-1.1103147508446245,-0.8413813034595709,0.7590730340614906,0.7550402878955216,-1.23523853899498,-0.6019292654288461,0
-0.02510872291781131,-1.316879497090387,1.3074525219986919,1.1890615483868594,-1.23523853899498,-0.6019292654288461,0
-0.8022207707994963,1.2136828073695047,-0.8236482522613263,-0.8726527060094256,1.0498767902159056,-0.6019292654288461,0
-1.140573981027628,-0.9228022270264914,1.4189117675143832,1.137950802965829,-1.23523853899498,-0.6019292654288461,0
0.2761081593584524,0.5297470494073718,-0.8236482522613263,-0.8726527060094256,-0.0926808743895372,-0.6019292654288461,1
-0.9122543351013277,-1.0628462155615948,0.4380704069762996,0.33841201546501576,-1.23523853899498,1.6613247725836153,1
-1.0470454513710714,-0.3789104575994619,-0.8236482522613263,-0.8726527060094256,1.0498767902159056,-0.6019292654288461,0
-0.23004623642997246,0.4613534736111586,-0.8236482522613263,-0.8726527060094256,1.0498767902159056,-0.6019292654288461,0
2.263589414560284,0.2040633551396895,-0.8236482522613263,-0.8726527060094256,-0.0926808743895372,-0.6019292654288461,1
-1.4307875068737086,-2.8150244907217257,1.369869699487479,1.1844012987857144,-1.23523853899498,-0.6019292654288461,0
-0.27818592081202376,-0.9977094767080583,1.1469512084560964,1.2474747316853558,-1.23523853899498,-0.6019292654288461,1
-0.030610401132902886,-0.968397944223967,1.1826181670211176,1.1275873289548015,-1.23523853899498,-0.6019292654288461,0
2.3612442028781593,-0.968397944223967,0.9061992381422033,1.2338245111324488,-0.0926808743895372,-0.6019292654288461,1
-0.2685579839356135,0.18126549654095175,-0.8236482522613263,-0.8726527060094256,1.0498767902159056,-0.6019292654288461,0
-0.1378931263271886,-0.7990424232047721,1.5303710130300745,1.2340230144228554,1.0498767902159056,-0.6019292654288461,0
0.8950469585562546,-0.03694257861839542,-0.8236482522613263,-0.8726527060094256,-0.0926808743895372,-0.6019292654288461,1
0.4012713387517857,-1.0009663136507352,2.7252141249582857,0.935107299321315,1.0498767902159056,-0.6019292654288461,0
-0.2259199777686538,0.15521080099953716,-0.8236482522613263,-0.8726527060094256,1.0498767902159056,-0.6019292654288461,0
-0.6990643042665292,0.7056162443119204,-0.8236482522613263,-0.8726527060094256,1.0498767902159056,-0.6019292654288461,0
-1.0828063597691666,-0.9716547811666437,0.883907389039065,0.4626371033449509,-1.23523853899498,1.6613247725836153,1
-0.7513302473098992,0.803321352592225,-0.8236482522613263,-0.8726527060094256,1.0498767902159056,-0.6019292654288461,0
2.142552493828269,-0.5645501633320408,-0.2708103945034973,1.0331785035173664,1.0498767902159056,1.6613247725836153,1
-0.31394682921011896,1.467716088898297,-0.8236482522613263,-0.8726527060094256,1.0498767902159056,-0.6019292654288461,0
0.24034725096035717,1.1452892315732914,-0.8236482522613263,-0.8726527060094256,1.0498767902159056,-0.6019292654288461,0
-0.4239803935119505,1.467716088898297,-0.8236482522613263,-0.8726527060094256,1.0498767902159056,-0.6019292654288461,0
0.5484412310054854,0.6372226685157071,-0.8236482522613263,-0.8726527060094256,1.0498767902159056,-0.6019292654288461,0
-0.43773458904967943,0.22034753985307365,-0.8236482522613263,-0.8726527060094256,1.0498767902159056,-0.6019292654288461,0
-0.469369238786456,-0.9032612053704305,0.9775331552722457,1.2019910288697584,-1.23523853899498,1.6613247725836153,1
0.5209328399300275,0.10310140991670799,-0.8236482522613263,-0.8726527060094256,-0.0926808743895372,1.6613247725836153,1
-0.2438004319677014,1.4123498608727911,-0.8236482522613263,-0.8726527060094256,1.0498767902159056,-0.6019292654288461,0
0.26923106158958793,1.0182725908088954,-0.8236482522613263,-0.8726527060094256,1.0498767902159056,-0.6019292654288461,0
-0.3098205705488003,1.467716088898297,-0.8236482522613263,-0.8726527060094256,1.0498767902159056,-0.6019292654288461,0
0.6378435020007235,-0.9228022270264914,1.164784687738607,1.30494890620373,-1.23523853899498,-0.6019292654288461,1
0.877166504357207,-1.336420518746448,1.615080039622,1.1270438056994416,-0.0926808743895372,1.6613247725836153,1
0.3407528783857784,-1.3103658232050335,1.2896190427161813,1.1880992386446891,-1.23523853899498,-0.6019292654288461,1
1.4864773666785989,-1.043305193905534,1.2940774125368089,1.0506867380414173,-0.0926808743895372,1.6613247725836153,1
1.1783833866334708,-0.8478949773449245,0.6342386790839164,1.0406778825741398,-1.23523853899498,-0.6019292654288461,0
0.1303136866585257,0.9857042213821272,-0.8236482522613263,-0.8726527060094256,1.0498767902159056,-0.6019292654288461,0
-0.34420605939312265,-1.0205073353067962,1.2584104539717877,1.0467824866969666,-1.23523853899498,-0.6019292654288461,1
0.9844492295514926,0.5330038863500487,-0.49372888553488,1.197909158104256,-0.0926808743895372,-0.6019292654288461,0
2.2457089603612364,0.15195396405686035,-0.8236482522613263,-0.8726527060094256,-0.0926808743895372,-0.6019292654288461,1
-0.5532698315666025,-0.9130317161984609,1.5526628621332128,1.2423728207390317,-1.23523853899498,-0.6019292654288461,0
0.4067730169668773,1.080152492719755,-0.8236482522613263,-0.8726527060094256,1.0498767902159056,-0.6019292654288461,0
-0.011354527380082372,1.155059742401322,-0.8236482522613263,-0.8726527060094256,1.0498767902159056,1.6613247725836153,0
1.8647177439661446,-0.5156976091918885,0.6164051998014057,1.113100457465264,-0.0926808743895372,-0.6019292654288461,0
-0.2658071448280677,-1.095414584988363,1.1068258800704476,1.1337498991026276,-1.23523853899498,-0.6019292654288461,0
-0.5037547276307783,0.510206027751311,-0.8236482522613263,-0.8726527060094256,1.0498767902159056,-0.6019292654288461,0
-2.7938282846626463,-3.2221291085563286,0.522779433568225,1.180650117559737,-1.23523853899498,-0.6019292654288461,0
-0.3978474219902655,-0.8544086512302781,1.0533254422229157,1.1379070696652174,-1.23523853899498,-0.6019292654288461,1
-0.38271780689876367,0.11287192074473847,-0.8236482522613263,-0.8726527060094256,1.0498767902159056,-0.6019292654288461,0
0.6777306690601373,-0.857665488172955,1.3386611107430855,1.2443568972181578,-1.23523853899498,-0.6019292654288461,1
-0.7059414020353937,-0.4928997505931507,0.625321939442661,1.0759938359894547,-1.23523853899498,-0.6019292654288461,0
0.720368675227097,0.24965907233716506,-0.8236482522613263,-0.8726527060094256,-0.0926808743895372,-0.6019292654288461,1
-0.9535169217145145,0.09333089908867752,-0.8236482522613263,-0.8726527060094256,-1.23523853899498,-0.6019292654288461,0
0.22246679676130957,0.2854842787066101,-0.8236482522613263,-0.8726527060094256,-1.23523853899498,-0.6019292654288461,0
-1.092434296645577,-0.284462186261834,1.1469512084560964,1.179811090056799,-1.23523853899498,1.6613247725836153,0
-0.39097032422140104,-0.6231732283002237,0.4113201880525337,1.0838136473554048,-1.23523853899498,-0.6019292654288461,1
0.4961752879621154,0.37667571310156117,-0.8236482522613263,-0.8726527060094256,-0.0926808743895372,-0.6019292654288461,1
-2.232657106723306,-0.9065180423131073,-0.8236482522613263,-0.8726527060094256,1.0498767902159056,-0.6019292654288461,0
-1.2629863213134156,1.0866661666051087,-0.8236482522613263,-0.8726527060094256,1.0498767902159056,-0.6019292654288461,0
-0.7513302473098992,0.8684580914457615,-0.8236482522613263,-0.8726527060094256,1.0498767902159056,-0.6019292654288461,0
0.1715762732717125,1.1778576010000597,-0.8236482522613263,-0.8726527060094256,1.0498767902159056,1.6613247725836153,0
-1.2932455514964194,1.467716088898297,-0.8236482522613263,-0.8726527060094256,1.0498767902159056,-0.6019292654288461,0
-1.0442946122635255,-1.2680269429502347,0.8749906493978097,0.5964753017675393,-1.23523853899498,1.6613247725836153,1
-0.30569431188748164,-0.6134027174721932,0.9552413061691074,1.1477908361911768,-1.23523853899498,-0.6019292654288461,1
0.6405943411082692,-0.7436761951792661,1.2093683859448836,1.2861602265928913,-1.23523853899498,-0.6019292654288461,1
-0.4239803935119505,1.467716088898297,-0.8236482522613263,-0.8726527060094256,1.0498767902159056,-0.6019292654288461,0
1.7725646338633607,0.34736418061746976,-0.8236482522613263,-0.8726527060094256,-0.0926808743895372,1.6613247725836153,1
-0.08150092462249996,1.3113879156498096,-0.8236482522613263,-0.8726527060094256,1.0498767902159056,1.6613247725836153,0
0.6378435020007235,0.37341887615888436,-0.8236482522613263,-0.8726527060094256,-0.0926808743895372,-0.6019292654288461,1
-0.8228520641060897,-0.8902338575997232,1.4545787260794045,1.1812135719220644,-1.23523853899498,-0.6019292654288461,0
-0.0031020100574450102,0.933594830299298,-0.8236482522613263,-0.8726527060094256,1.0498767902159056,-0.6019292654288461,0
0.6323418237856319,-0.6329437391282541,0.6877391169314482,1.1825198469520604,1.0498767902159056,1.6613247725836153,0
1.3736929632692216,0.09658773603135434,-0.8236482522613263,-0.8726527060094256,-1.23523853899498,1.6613247725836153,1
1.53461705106065,0.4874081691525732,-0.8236482522613263,-0.8726527060094256,1.0498767902159056,1.6613247725836153,1
-0.15577358052623622,-0.61665955441487,-0.8236482522613263,-0.8726527060094256,1.0498767902159056,-0.6019292654288461,0
-0.9287593697466024,1.0312999385796027,-0.8236482522613263,-0.8726527060094256,1.0498767902159056,-0.6019292654288461,0
-0.2671825643818406,0.1486971271141835,-0.8236482522613263,-0.8726527060094256,1.0498767902159056,-0.6019292654288461,0
0.877166504357207,-0.7013373149244674,1.1469512084560964,1.0800962497620838,1.0498767902159056,-0.6019292654288461,0
-0.8022207707994963,-0.8772065098290159,1.4545787260794045,1.2970931868248137,-1.23523853899498,1.6613247725836153,0
0.4975507075158883,0.8065781895349019,-0.8236482522613263,-0.8726527060094256,1.0498767902159056,-0.6019292654288461,0
0.49067360974702384,0.9987315691528345,-0.8236482522613263,-0.8726527060094256,1.0498767902159056,-0.6019292654288461,0
1.0999844720684158,-0.7501898690646198,0.754614664240863,1.1766825220322616,-0.0926808743895372,-0.6019292654288461,0
-0.6027849355024266,-0.8869770206570463,1.151409578276724,1.2200755803069474,-1.23523853899498,-0.6019292654288461,0
-1.1859628263021336,1.2983605678791021,-0.8236482522613263,-0.8726527060094256,1.0498767902159056,-0.6019292654288461,0
1.1811342257410165,-0.17698656715349884,0.8170318417296502,1.2633955885391341,-0.0926808743895372,-0.6019292654288461,1
-0.9824007323437454,-0.9325727378545219,0.23298539522742753,0.2949516689526123,-1.23523853899498,1.6613247725836153,1
2.082034033462262,0.3636483653308539,-0.8236482522613263,-0.8726527060094256,-0.0926808743895372,-0.6019292654288461,1
2.374998398415888,0.34410734367479295,-0.8236482522613263,-0.8726527060094256,-0.0926808743895372,-0.6019292654288461,1
0.8964223781100275,0.6307089946303533,-0.8236482522613263,-0.8726527060094256,1.0498767902159056,1.6613247725836153,0
-0.21079036267715195,0.7968076787068714,-0.8236482522613263,-0.8726527060094256,-1.23523853899498,-0.6019292654288461,0
-1.0167862211880676,1.1843712748854134,-0.8236482522613263,-0.8726527060094256,1.0498767902159056,-0.6019292654288461,0
0.4865473510857051,0.3994735717002989,-0.8236482522613263,-0.8726527060094256,-0.0926808743895372,-0.6019292654288461,1
1.0642235636703206,0.6469931793437376,-0.8236482522613263,-0.8726527060094256,-0.0926808743895372,-0.6019292654288461,1
0.7121161579044597,0.9173106455859139,-0.8236482522613263,-0.8726527060094256,1.0498767902159056,-0.6019292654288461,0
-0.378591548237445,-0.5710638372173945,0.4113201880525337,0.9990132481383532,-1.23523853899498,-0.6019292654288461,1
-0.5353893773675549,0.5232333755220182,-0.8236482522613263,-0.8726527060094256,1.0498767902159056,-0.6019292654288461,0
0.2128388598848993,1.0312999385796027,-0.8236482522613263,-0.8726527060094256,1.0498767902159056,-0.6019292654288461,0
0.6240893064629945,0.3636483653308539,-0.8236482522613263,-0.8726527060094256,-0.0926808743895372,-0.6019292654288461,1
0.720368675227097,-0.7567035429499734,1.2138267557655111,1.1753868136142023,-1.23523853899498,-0.6019292654288461,0
-1.320753942571877,1.1713439271147061,-0.8236482522613263,-0.8726527060094256,1.0498767902159056,-0.6019292654288461,0
-0.4129770370817673,1.158316579343999,-0.8236482522613263,-0.8726527060094256,-0.0926808743895372,-0.6019292654288461,0
1.5442449879370603,0.435298778069744,-0.8236482522613263,-0.8726527060094256,-0.0926808743895372,-0.6019292654288461,1
-0.4033491002053571,0.9107969717005602,-0.8236482522613263,-0.8726527060094256,-0.0926808743895372,1.6613247725836153,0
-0.5945324181797893,0.30176846341999425,-0.8236482522613263,-0.8726527060094256,1.0498767902159056,-0.6019292654288461,0
0.8441564350666575,0.878228602273792,-0.8236482522613263,-0.8726527060094256,1.0498767902159056,-0.6019292654288461,0
-0.921882271977738,-1.007479987536089,0.5941133506982674,0.5732430281537435,-1.23523853899498,-0.6019292654288461,1
-1.2946209710501921,1.467716088898297,-0.8236482522613263,-0.8726527060094256,1.0498767902159056,-0.6019292654288461,0
-0.3098205705488003,1.467716088898297,-0.8236482522613263,-0.8726527060094256,1.0498767902159056,-0.6019292654288461,0
-1.21759747603891,1.337442611191224,-0.8236482522613263,-0.8726527060094256,1.0498767902159056,1.6613247725836153,0
0.04916393298592495,-1.007479987536089,0.45144551643818254,1.1605409758572882,-1.23523853899498,-0.6019292654288461,1
0.9019240563251191,0.5883701143755546,-0.8236482522613263,-0.8726527060094256,1.0498767902159056,-0.6019292654288461,0
1.135745380466511,0.5297470494073718,-0.8236482522613263,-0.8726527060094256,-0.0926808743895372,-0.6019292654288461,1
-0.18878364981678566,-0.010887883076980834,0.9507829363484798,1.185709101008159,1.0498767902159056,-0.6019292654288461,0
-1.1213181072748075,1.2201964812548585,-0.8236482522613263,-0.8726527060094256,1.0498767902159056,-0.6019292654288461,0
-0.3015680532261629,0.6567636901717679,-0.8236482522613263,-0.8726527060094256,-0.0926808743895372,1.6613247725836153,0
1.1054861502835074,0.9303379933566212,-0.8236482522613263,-0.8726527060094256,-0.0926808743895372,-0.6019292654288461,1
0.7176178361195513,0.6535068532290912,-0.8236482522613263,-0.8726527060094256,1.0498767902159056,1.6613247725836153,0
1.0243363966109065,-0.8185834448608331,1.1469512084560964,1.2198808821708906,-1.23523853899498,-0.6019292654288461,0
0.5456903918979396,-1.1996333671540214,1.6061632999807447,1.0901424247432416,-0.0926808743895372,1.6613247725836153,0
0.5223082594838003,0.8717149283884383,-0.8236482522613263,-0.8726527060094256,1.0498767902159056,-0.6019292654288461,0
-1.1790857285332692,-0.8772065098290159,-0.8236482522613263,-0.8726527060094256,1.0498767902159056,-0.6019292654288461,0
-3.14731110998228,1.467716088898297,-0.8236482522613263,-0.8726527060094256,1.0498767902159056,-0.6019292654288461,0
-1.1336968832587637,1.2169396443121816,-0.8236482522613263,-0.8726527060094256,-1.23523853899498,1.6613247725836153,0
1.6542785522388919,-0.6101458805295163,0.7412395547789801,1.1170925630570672,-0.0926808743895372,-0.6019292654288461,0
-0.4886251125392765,0.7479551245667191,-0.3867280098398163,1.1262579897830702,-1.23523853899498,1.6613247725836153,0
2.7312320628430675,-1.6849020716128682,0.986449894913501,1.118557531243902,-0.0926808743895372,1.6613247725836153,1
0.5250590985913461,-0.06951094804516365,-0.8236482522613263,-0.8726527060094256,-1.23523853899498,1.6613247725836153,1
-0.40059826109781127,0.3994735717002989,-0.8236482522613263,-0.8726527060094256,1.0498767902159056,1.6613247725836153,0
0.5415641332366209,0.6893320595985363,-0.8236482522613263,-0.8726527060094256,1.0498767902159056,-0.6019292654288461,0
0.6130859500328114,-0.6589984346696687,1.280702303074926,1.2914912182810956,-1.23523853899498,-0.6019292654288461,0
-1.2987472297115108,1.155059742401322,-0.8236482522613263,-0.8726527060094256,1.0498767902159056,-0.6019292654288461,0
0.33250036106314107,-0.10533615441460871,-0.8236482522613263,-0.8726527060094256,-1.23523853899498,-0.6019292654288461,1
-0.3593356744846245,-1.1572944868992228,1.0800756611466817,1.2168556398326027,-1.23523853899498,1.6613247725836153,1
-0.12964060900455124,-0.8869770206570463,1.1424928386354687,1.0835983102996942,-1.23523853899498,-0.6019292654288461,0
1.8784719395038736,-0.9032612053704305,1.409995027873128,1.1484647572926292,1.0498767902159056,-0.6019292654288461,0
0.5223082594838003,0.34736418061746976,-0.8236482522613263,-0.8726527060094256,-0.0926808743895372,-0.6019292654288461,1
0.126187427997207,0.4971786799806036,-0.8236482522613263,-0.8726527060094256,-0.0926808743895372,1.6613247725836153,1
-0.19290990847810435,0.31805264813337836,-0.8236482522613263,-0.8726527060094256,1.0498767902159056,1.6613247725836153,0
-1.0951851357531226,0.8098350264775787,-0.8236482522613263,-0.8726527060094256,1.0498767902159056,-0.6019292654288461,0
-0.6536754589920237,1.0085020799808648,-0.8236482522613263,-0.8726527060094256,1.0498767902159056,-0.6019292654288461,0
0.4686668968866575,-1.2973384754343262,0.8437820606534161,1.2419821735566132,-1.23523853899498,1.6613247725836153,1
-0.3290764443016208,-1.3787593990012468,2.2125015955861054,1.2385286725607252,-1.23523853899498,1.6613247725836153,0
0.07942316316892861,-1.111698769701747,1.2494937143305325,1.1017735956890509,-1.23523853899498,-0.6019292654288461,0
-0.7802140579391299,1.4286340455861752,-0.8236482522613263,-0.8726527060094256,1.0498767902159056,1.6613247725836153,0
-0.08700260283759152,1.262535361509657,-0.8236482522613263,-0.8726527060094256,1.0498767902159056,1.6613247725836153,0
-0.7760877992778112,0.8326328850763165,-0.8236482522613263,-0.8726527060094256,1.0498767902159056,1.6613247725836153,0
0.9954525859816759,0.5264902124646951,-0.8236482522613263,-0.8726527060094256,1.0498767902159056,1.6613247725836153,0
-0.4349837499421336,0.21383386596772,-0.8236482522613263,-0.8726527060094256,1.0498767902159056,-0.6019292654288461,0
-0.6192899701477014,-1.0302778461348265,2.1099590897116696,1.1847606974167848,-1.23523853899498,-0.6019292654288461,0
-0.9879024105588369,-0.6785394563257297,0.34444464074311887,0.3517816436354384,-1.23523853899498,-0.6019292654288461,1
-0.584904481303379,-0.7045941518671442,0.6921974867520758,1.149267193699494,-1.23523853899498,1.6613247725836153,1
-0.47212007789400173,-1.4438961378547832,2.26154366361301,1.2191464850027793,-1.23523853899498,1.6613247725836153,0
0.4782948337630678,-1.6621042130141304,0.9240327174247138,1.1888744694103053,-1.23523853899498,-0.6019292654288461,0
-0.12826518945077833,1.379781491446023,-0.8236482522613263,-0.8726527060094256,1.0498767902159056,-0.6019292654288461,0
-1.089683457538031,1.467716088898297,-0.8236482522613263,-0.8726527060094256,-1.23523853899498,-0.6019292654288461,0
-0.4349837499421336,0.42878510418439036,-0.8236482522613263,-0.8726527060094256,1.0498767902159056,1.6613247725836153,0
0.7671329400553755,-0.7404193582365893,1.0845340309673093,1.212399093929376,-1.23523853899498,-0.6019292654288461,0
0.3888925627678297,-1.6458200283007463,1.5303710130300745,1.2378813948632077,-1.23523853899498,1.6613247725836153,1
0.8359039177440202,-0.14767503466940743,0.30431931235747,1.27586279648397,-1.23523853899498,-0.6019292654288461,0
-1.245105867114368,-0.0760246219305173,-0.8236482522613263,-0.8726527060094256,1.0498767902159056,-0.6019292654288461,0
0.9459374820458516,0.10310140991670799,-0.8236482522613263,-0.8726527060094256,-0.0926808743895372,-0.6019292654288461,1
0.6639764735224084,0.620938483802323,-0.8236482522613263,-0.8726527060094256,1.0498767902159056,-0.6019292654288461,0
0.3902679823216026,-0.8739496728863391,1.936082666707191,1.2349255695552914,-0.0926808743895372,1.6613247725836153,0
0.9968280055354487,0.09984457297403117,-0.5472293233824118,1.209101384396763,-0.0926808743895372,-0.6019292654288461,1
-0.961769439037152,1.0768956557770781,-0.8236482522613263,-0.8726527060094256,1.0498767902159056,-0.6019292654288461,0
-0.40747535886667574,0.48415133220989637,-0.8236482522613263,-0.8726527060094256,1.0498767902159056,-0.6019292654288461,0
0.16469917550284802,0.9498790150126821,-0.8236482522613263,-0.8726527060094256,-0.0926808743895372,1.6613247725836153,0
-0.32357476608652924,1.337442611191224,-0.8236482522613263,-0.8726527060094256,1.0498767902159056,1.6613247725836153,0
0.5676971047583059,0.6274521576876766,-0.8236482522613263,-0.8726527060094256,1.0498767902159056,-0.6019292654288461,0
0.8262759808676099,0.6469931793437376,-0.8236482522613263,-0.8726527060094256,1.0498767902159056,1.6613247725836153,0
0.6626010539686356,0.28874111564928695,-0.8236482522613263,-0.8726527060094256,-0.0926808743895372,-0.6019292654288461,1
2.570307975051639,-0.8772065098290159,0.9507829363484798,1.0533532420203324,-0.0926808743895372,-0.6019292654288461,1
0.1303136866585257,1.1159776990892,-0.8236482522613263,-0.8726527060094256,1.0498767902159056,-0.6019292654288461,0
-1.0057828647578846,1.467716088898297,-0.8236482522613263,-0.8726527060094256,-0.0926808743895372,-0.6019292654288461,0
-3.14731110998228,1.467716088898297,-0.8236482522613263,-0.8726527060094256,1.0498767902159056,-0.6019292654288461,0
1.2017655190476098,-1.1638081607845763,0.9151159777834585,1.1833106020705524,-0.0926808743895372,-0.6019292654288461,1
-1.231351671576639,1.0150157538662186,-0.8236482522613263,-0.8726527060094256,1.0498767902159056,-0.6019292654288461,0
-0.2919401163497527,0.5395175602354023,-0.47143703643174173,1.2299844407718055,-0.0926808743895372,1.6613247725836153,0
0.024406381018012863,0.9466221780700053,-0.8236482522613263,-0.8726527060094256,1.0498767902159056,-0.6019292654288461,0
-0.08700260283759152,0.4971786799806036,-0.5650628026649225,1.2024961360929887,-0.0926808743895372,1.6613247725836153,0
2.414885565475302,-0.7176214996378515,1.1424928386354687,1.1795338612061117,-0.0926808743895372,-0.6019292654288461,1
-2.9822607635295326,-2.8606202079192014,-0.8236482522613263,-0.8726527060094256,-0.0926808743895372,1.6613247725836153,0
-0.42948207172704206,1.0540977971783405,-0.8236482522613263,-0.8726527060094256,1.0498767902159056,1.6613247725836153,0
-0.47349549744777464,-1.0139936614214424,1.4055366580525004,1.086489239267725,-1.23523853899498,-0.6019292654288461,0
-0.30569431188748164,0.22034753985307365,-0.8236482522613263,-0.8726527060094256,1.0498767902159056,-0.6019292654288461,0
-0.27818592081202376,-1.0758735633323022,1.0711589215054265,1.2596593721318776,-1.23523853899498,-0.6019292654288461,1
0.37376294767632784,-1.6621042130141304,1.8513736401152656,1.1862945836497685,-1.23523853899498,-0.6019292654288461,0
-0.4872496929855036,-0.5971185327588091,1.5437461224919575,1.226802133587629,1.0498767902159056,-0.6019292654288461,0
-1.1612052743342216,-0.9846821289373511,1.5080791639269364,1.1193877799264629,-1.23523853899498,-0.6019292654288461,0
-1.8709217640810347,-2.8085108168363724,1.4768705751825428,1.2323226389475703,-1.23523853899498,-0.6019292654288461,0
-0.07187298774608969,-1.1084419327590704,1.4278285071556385,1.2633055966157032,-1.23523853899498,-0.6019292654288461,0
-1.1350723028125365,-1.574169615561856,2.631588358725105,1.1337828793464793,-1.23523853899498,1.6613247725836153,0
-0.9851515714512911,0.6991025704265666,-0.8236482522613263,-0.8726527060094256,1.0498767902159056,-0.6019292654288461,0
-0.1791557129403754,-1.3136226601477103,1.4367452467968937,1.2151198457049972,-1.23523853899498,1.6613247725836153,0
-0.2658071448280677,0.22034753985307365,-0.8236482522613263,-0.8726527060094256,1.0498767902159056,-0.6019292654288461,0
-0.009979107826309478,-1.134496628300485,1.2138267557655111,0.9986329338718255,-1.23523853899498,-0.6019292654288461,0
-0.8118487076759066,-1.3689888881732162,1.5080791639269364,1.1914326437939453,-1.23523853899498,-0.6019292654288461,0
-0.3084451509950274,1.467716088898297,-0.8236482522613263,-0.8726527060094256,1.0498767902159056,-0.6019292654288461,0
-0.24104959286015562,-0.6589984346696687,1.088992400787937,1.1761124810794628,-1.23523853899498,-0.6019292654288461,0
-0.022357883810265523,-1.0498188677908875,1.1959932764830006,1.1286940744532301,-1.23523853899498,-0.6019292654288461,1
2.3612442028781593,-0.9586274333959365,0.9240327174247138,1.1988576518578586,-0.0926808743895372,-0.6019292654288461,1
1.8385847724444597,-1.1931196932686678,1.525912643209447,1.2072191474253284,-0.0926808743895372,-0.6019292654288461,0
-0.3497077376082142,-0.9521137595105829,1.2049100161242559,1.2537504584501662,-1.23523853899498,-0.6019292654288461,1
0.3613841716923718,-0.6948236410391138,1.10236751024982,1.1859349422017926,-0.0926808743895372,-0.6019292654288461,0
1.431460584527683,-0.541752304733303,0.6832807471108205,1.1428654222394707,-0.0926808743895372,-0.6019292654288461,0
-0.5051301471845512,0.4483261258404513,-0.8236482522613263,-0.8726527060094256,1.0498767902159056,1.6613247725836153,0
-0.6289179070241117,-1.5253170614217038,2.078750500967276,1.1984801900579558,-1.23523853899498,1.6613247725836153,0
3.1067216010230676,-0.3300579034593095,-0.8236482522613263,-0.8726527060094256,-0.0926808743895372,1.6613247725836153,1
0.9170536714166209,1.467716088898297,-0.8236482522613263,-0.8726527060094256,-0.0926808743895372,-0.6019292654288461,1
-1.1350723028125365,0.8945127869871761,-0.8236482522613263,-0.8726527060094256,1.0498767902159056,1.6613247725836153,0
0.7451262271950092,0.16823814877024446,-0.8236482522613263,-0.8726527060094256,-0.0926808743895372,-0.6019292654288461,1
0.6529731170922253,0.19429284431165905,-0.8236482522613263,-0.8726527060094256,-0.0926808743895372,-0.6019292654288461,1
-0.3111959901025732,0.41575775641368307,-0.8236482522613263,-0.8726527060094256,1.0498767902159056,-0.6019292654288461,0
-1.2684879995285072,1.4351477194715287,-0.8236482522613263,-0.8726527060094256,1.0498767902159056,-0.6019292654288461,0
0.5044278052847527,-0.4766155658797666,1.0488670724022882,1.229740260404045,-1.23523853899498,-0.6019292654288461,1
-1.5779573991274083,0.04122150800584834,0.7679897737027459,1.1777336975506596,-1.23523853899498,-0.6019292654288461,0
0.2761081593584524,0.3571346914455002,-0.8236482522613263,-0.8726527060094256,-0.0926808743895372,-0.6019292654288461,0
-0.31394682921011896,1.467716088898297,-0.8236482522613263,-0.8726527060094256,1.0498767902159056,-0.6019292654288461,0
-0.6825592696212545,-1.2582564321222043,1.860290379756521,1.1866818464628706,-1.23523853899498,1.6613247725836153,0
0.9761967122288553,-0.1444181977267306,-0.8236482522613263,-0.8726527060094256,-0.0926808743895372,-0.6019292654288461,0
-0.4239803935119505,1.467716088898297,-0.8236482522613263,-0.8726527060094256,1.0498767902159056,-0.6019292654288461,0
-0.778838638385357,0.969420036668743,-0.8236482522613263,-0.8726527060094256,1.0498767902159056,-0.6019292654288461,0
-0.8668654898268222,-1.4960055289376124,1.5749547112363511,1.2240909731813692,-1.23523853899498,-0.6019292654288461,0
0.18533046880944143,-0.8348676295742172,0.7858232529852566,1.1423773959368335,-1.23523853899498,1.6613247725836153,0
2.0627781597094415,-0.7371625212939125,0.8170318417296502,1.2026810375312937,-0.0926808743895372,-0.6019292654288461,0
-0.4033491002053571,1.4612024150129435,-0.8236482522613263,-0.8726527060094256,1.0498767902159056,-0.6019292654288461,0
-0.8256029032136354,1.467716088898297,-0.8236482522613263,-0.8726527060094256,1.0498767902159056,-0.6019292654288461,0
-0.6151637114863827,1.467716088898297,-0.8236482522613263,-0.8726527060094256,1.0498767902159056,-0.6019292654288461,0
-0.7953436730306318,-1.2875679646062956,0.4781957353619485,0.4019180241812019,-1.23523853899498,-0.6019292654288461,1
-0.05261711399326918,-1.538344409192411,1.6507469981870213,1.136101341265042,-1.23523853899498,1.6613247725836153,0
-0.1365177067734157,1.1257482099172307,-0.8236482522613263,-0.8726527060094256,-0.0926808743895372,-0.6019292654288461,0
-1.2781159364049175,1.1029503513184928,-0.8236482522613263,-0.8726527060094256,1.0498767902159056,-0.6019292654288461,0
-0.1777802933866025,0.38644622392959166,-0.8236482522613263,-0.8726527060094256,-1.23523853899498,-0.6019292654288461,1
-1.0965605553068956,-1.0563325416762412,1.4545787260794045,1.2679411306830872,-1.23523853899498,1.6613247725836153,0
1.718923271266218,-1.4569234856254905,1.3163692616399472,1.1976879678613213,-1.23523853899498,1.6613247725836153,1
-0.3758407091298992,-0.2388664690643585,1.0265752232991499,1.2685551254824876,1.0498767902159056,-0.6019292654288461,0
-0.4707446583402289,0.4222714302990367,-0.8236482522613263,-0.8726527060094256,1.0498767902159056,1.6613247725836153,0
1.9554954345151556,0.4613534736111586,-0.8236482522613263,-0.8726527060094256,-0.0926808743895372,-0.6019292654288461,1
-0.547768153351511,0.4320419411270672,-0.8236482522613263,-0.8726527060094256,1.0498767902159056,-0.6019292654288461,0
0.5195574203762546,0.09658773603135434,-0.27526876432412495,1.1306722762724082,1.0498767902159056,1.6613247725836153,0
-0.5395156360288735,-0.7664740537780039,0.6654472678283099,1.1135862542928663,-1.23523853899498,-0.6019292654288461,1
-1.1295706245974448,0.8619444175604078,-0.8236482522613263,-0.8726527060094256,1.0498767902159056,-0.6019292654288461,0
-0.3483323180544413,-0.6980804779817906,0.5316961732094804,1.200707214677383,-1.23523853899498,-0.6019292654288461,1
-0.03611207934799446,0.1910360073689822,-0.8236482522613263,-0.8726527060094256,1.0498767902159056,-0.6019292654288461,1
0.3407528783857784,1.0410704494076333,-0.8236482522613263,-0.8726527060094256,1.0498767902159056,-0.6019292654288461,0
0.14681872130380041,-0.4082219900835533,0.857157170115299,1.2589444854247898,-1.23523853899498,-0.6019292654288461,0
-1.089683457538031,1.467716088898297,-0.8236482522613263,-0.8726527060094256,-1.23523853899498,-0.6019292654288461,0
2.135675396059405,-1.1410103021858387,1.423370137335011,1.08459284564098,-0.0926808743895372,-0.6019292654288461,0
-0.417103295743086,0.2431453984518114,-0.8236482522613263,-0.8726527060094256,1.0498767902159056,-0.6019292654288461,0
-0.3772161286836721,0.26268642010787235,-0.8236482522613263,-0.8726527060094256,1.0498767902159056,-0.6019292654288461,0
-0.9067526568862362,1.467716088898297,-0.8236482522613263,-0.8726527060094256,-1.23523853899498,1.6613247725836153,0
-0.4019736806515842,-0.8641791620583086,0.9998250043753839,1.0225405168331372,-1.23523853899498,-0.6019292654288461,0
-0.5230106013835988,0.30828213730534787,-0.8236482522613263,-0.8726527060094256,1.0498767902159056,1.6613247725836153,0
-0.3854686460063095,0.9661631997260662,-0.8236482522613263,-0.8726527060094256,1.0498767902159056,-0.6019292654288461,1
-1.477551771701987,0.20732019208236635,1.1246593593529581,1.042499027958309,-1.23523853899498,1.6613247725836153,0
0.10830697379815937,-1.4243551161987222,1.3921615485906174,1.205306319159649,-1.23523853899498,-0.6019292654288461,1
-0.21629204089224352,0.2985116264773174,-0.8236482522613263,-0.8726527060094256,1.0498767902159056,-0.6019292654288461,0
-0.45699046280249994,0.2008065181970127,-0.8236482522613263,-0.8726527060094256,1.0498767902159056,-0.6019292654288461,0
-0.8792442658107783,-1.1833491824406372,1.4634954657206598,1.1816855640288801,-1.23523853899498,-0.6019292654288461,0
-0.7045659824816208,1.467716088898297,-0.8236482522613263,-0.8726527060094256,1.0498767902159056,-0.6019292654288461,0
-1.2822421950662362,-0.6655121085550224,1.3966199184112449,1.1400826555929737,-1.23523853899498,-0.6019292654288461,0
-0.4239803935119505,1.467716088898297,-0.8236482522613263,-0.8726527060094256,1.0498767902159056,-0.6019292654288461,0
-0.4446116868185439,1.174600764057383,-0.8236482522613263,-0.8726527060094256,-1.23523853899498,1.6613247725836153,0
-0.5628977684430128,-0.7534467060072966,0.9284910872453415,1.1891652313132355,-1.23523853899498,-0.6019292654288461,0
-0.9012509786711446,-0.9814252919946742,0.3310695312812359,0.36695998895337084,-1.23523853899498,1.6613247725836153,1
-0.14752106320359884,-0.672025782440376,0.9819915250928734,1.202244175330227,-1.23523853899498,-0.6019292654288461,0
-1.220348315146456,1.0768956557770781,-0.8236482522613263,-0.8726527060094256,1.0498767902159056,-0.6019292654288461,0
0.06841980673874547,1.1843712748854134,-0.8236482522613263,-0.8726527060094256,1.0498767902159056,-0.6019292654288461,0
0.10005445647552201,-1.5122897136509965,1.4367452467968937,1.0517289503534335,-1.23523853899498,1.6613247725836153,0
-0.08975344194513732,0.23663172456645776,-0.364436160736678,0.9851643608086805,1.0498767902159056,-0.6019292654288461,0
0.9720704535675366,-1.3201363340330639,1.3386611107430855,1.2919787901332975,-1.23523853899498,1.6613247725836153,1
-0.2644317252742948,0.2561727462225187,-0.8236482522613263,-0.8726527060094256,1.0498767902159056,1.6613247725836153,0
2.0283926708651188,-1.2908248015489725,1.628455149083883,1.1827689889756945,-0.0926808743895372,-0.6019292654288461,1
0.7630066813940568,0.4125009194710062,-0.8236482522613263,-0.8726527060094256,1.0498767902159056,1.6613247725836153,0
-0.09663053971400178,0.6828183857131825,-0.8236482522613263,-0.8726527060094256,1.0498767902159056,-0.6019292654288461,1
-0.12964060900455124,-1.1475239760711922,0.959699675989735,1.2309464525821368,-1.23523853899498,-0.6019292654288461,1
-0.19153448892433145,0.8130918634202555,-0.8236482522613263,-0.8726527060094256,-1.23523853899498,1.6613247725836153,0
0.9569408384760348,-0.7078509888098211,0.8883657588596926,1.1468024862384745,-1.23523853899498,-0.6019292654288461,0
-0.7747123797240384,-1.5057760397656428,2.0475419122228824,0.5899068962933341,1.0498767902159056,-0.6019292654288461,0
-2.593017029811804,-3.2156154346709753,1.0087417440166393,1.0237552775274128,-1.23523853899498,-0.6019292654288461,0
0.9129274127553022,0.2854842787066101,-0.8236482522613263,-0.8726527060094256,1.0498767902159056,-0.6019292654288461,0
-0.2671825643818406,0.4320419411270672,-0.8236482522613263,-0.8726527060094256,1.0498767902159056,-0.6019292654288461,0
0.2761081593584524,1.0834093296624319,-0.8236482522613263,-0.8726527060094256,1.0498767902159056,-0.6019292654288461,0
-0.41022619797422155,-0.5645501633320408,0.39348670877002306,1.1402465057526607,-1.23523853899498,-0.6019292654288461,1
1.7285512081426282,0.2301180506811041,-0.8236482522613263,-0.8726527060094256,-0.0926808743895372,1.6613247725836153,1
-1.0883080379842582,1.467716088898297,-0.8236482522613263,-0.8726527060094256,-1.23523853899498,-0.6019292654288461,0
2.9017840875109067,0.324566322018732,-0.8236482522613263,-0.8726527060094256,-0.0926808743895372,1.6613247725836153,1
-1.220348315146456,-0.929315900911845,1.6507469981870213,1.1768882254736603,-1.23523853899498,1.6613247725836153,0
0.7162424165657784,0.6502500162864143,-0.8236482522613263,-0.8726527060094256,-0.0926808743895372,-0.6019292654288461,1
-0.8256029032136354,1.467716088898297,-0.8236482522613263,-0.8726527060094256,1.0498767902159056,1.6613247725836153,0
-0.9232576915315109,0.7544687984520727,-0.8236482522613263,-0.8726527060094256,1.0498767902159056,1.6613247725836153,0
0.07804774361515572,-1.6262790066446853,1.561579601774468,1.1939473080892098,-1.23523853899498,-0.6019292654288461,1
-0.5243860209373717,0.2985116264773174,-0.8236482522613263,-0.8726527060094256,1.0498767902159056,-0.6019292654288461,0
-0.3730898700223534,1.467716088898297,-0.8236482522613263,-0.8726527060094256,-1.23523853899498,1.6613247725836153,0
-0.6055357746099724,1.0280431016369258,-0.8236482522613263,-0.8726527060094256,-0.0926808743895372,1.6613247725836153,0
0.877166504357207,0.7479551245667191,-0.8236482522613263,-0.8726527060094256,-0.0926808743895372,-0.6019292654288461,1
1.9128574283481958,0.435298778069744,-0.8236482522613263,-0.8726527060094256,-0.0926808743895372,-0.6019292654288461,1
0.42327805161215204,1.0475841232929868,-0.8236482522613263,-0.8726527060094256,1.0498767902159056,1.6613247725836153,0
-1.0222878994031592,-0.7990424232047721,0.6609888980076822,0.6477807967184037,-1.23523853899498,-0.6019292654288461,1
-0.3359535420704853,0.158467637942214,-0.8236482522613263,-0.8726527060094256,1.0498767902159056,-0.6019292654288461,0
0.9101765736477564,0.712129918197274,-0.8236482522613263,-0.8726527060094256,-0.0926808743895372,-0.6019292654288461,1
0.01202760503405682,-0.8153266079181563,1.4768705751825428,1.1936992381226716,1.0498767902159056,-0.6019292654288461,0
-0.6880609478363461,0.5558017449487864,-0.8236482522613263,-0.8726527060094256,1.0498767902159056,-0.6019292654288461,0
-0.5959078377335622,-0.9130317161984609,1.1915349066623728,1.1825198469520604,-1.23523853899498,-0.6019292654288461,0
-0.8723671680419138,0.9466221780700053,-0.8236482522613263,-0.8726527060094256,1.0498767902159056,-0.6019292654288461,0
0.6997373819205037,0.30828213730534787,-0.8236482522613263,-0.8726527060094256,-0.0926808743895372,-0.6019292654288461,1
-1.1309460441512178,-0.41473566396890693,1.4412036166175215,1.1996873622815702,-1.23523853899498,-0.6019292654288461,0
-0.443236267264771,0.6763047118278289,-0.8236482522613263,-0.8726527060094256,1.0498767902159056,-0.6019292654288461,0
-0.469369238786456,-0.7957855862620953,0.5049459542857144,1.0745936109293357,-1.23523853899498,1.6613247725836153,0
0.644720599769588,0.7153867551399508,-0.8236482522613263,-0.8726527060094256,1.0498767902159056,-0.6019292654288461,0
0.48792277063947803,1.024786264694249,-0.8236482522613263,-0.8726527060094256,-0.0926808743895372,-0.6019292654288461,0
-1.014035382080522,-0.6264300652429005,0.29094420289558703,0.5980239294614274,-1.23523853899498,-0.6019292654288461,1
0.5113049030536172,-0.6817962932684065,1.2628688237924153,0.9677122876016249,-0.0926808743895372,1.6613247725836153,0
1.2155197145853387,-0.9390864117398755,1.0310335931197776,1.2338748968864404,-1.23523853899498,-0.6019292654288461,1
-0.8201012249985439,0.42878510418439036,-0.31093572288914617,1.0729726785599991,1.0498767902159056,1.6613247725836153,0
2.5785604923742764,-0.9456000856252292,1.0667005516847987,1.1611347002860208,-0.0926808743895372,-0.6019292654288461,1
3.0434523015495145,-1.1996333671540214,1.0132001138372668,1.203983461057464,-0.0926808743895372,1.6613247725836153,1
0.03265889834065023,0.5167197016366646,-0.8236482522613263,-0.8726527060094256,-0.0926808743895372,-0.6019292654288461,1
2.0724060965858517,-1.333163681803771,1.4412036166175215,1.1691556485682593,-0.0926808743895372,-0.6019292654288461,1
-0.3937211633289468,-0.8413813034595709,1.0577838120435434,1.299536684581024,-1.23523853899498,1.6613247725836153,1
-1.1735840503181776,1.0085020799808648,-0.8236482522613263,-0.8726527060094256,1.0498767902159056,-0.6019292654288461,0
0.2857360962348627,1.0703819818917246,-0.8236482522613263,-0.8726527060094256,1.0498767902159056,-0.6019292654288461,0
0.8331530786364744,1.467716088898297,-0.8236482522613263,-0.8726527060094256,1.0498767902159056,-0.6019292654288461,0
-1.4417908633038918,-2.4372314053712145,0.9775331552722457,1.122197039066713,-1.23523853899498,-0.6019292654288461,0
0.6942357037054121,0.3147958111907015,-0.8236482522613263,-0.8726527060094256,-0.0926808743895372,-0.6019292654288461,1
1.2705364967362545,1.467716088898297,-0.8236482522613263,-0.8726527060094256,1.0498767902159056,-0.6019292654288461,1
-0.3552094158233058,0.3636483653308539,-0.8236482522613263,-0.8726527060094256,1.0498767902159056,-0.6019292654288461,0
1.9183591065632875,-1.3429341926318017,1.4947040544650534,1.2173873419834804,-1.23523853899498,1.6613247725836153,1
1.5428695683832876,0.4971786799806036,-0.8236482522613263,-0.8726527060094256,-0.0926808743895372,-0.6019292654288461,1
-0.8256029032136354,1.467716088898297,-0.8236482522613263,-0.8726527060094256,1.0498767902159056,1.6613247725836153,0
2.480905704056401,-0.8218402818035099,0.9017408683215755,1.1335737955677585,-0.0926808743895372,-0.6019292654288461,1
1.1302437022514193,-1.007479987536089,1.1424928386354687,1.1451156378565845,-0.0926808743895372,-0.6019292654288461,0
0.7891396529157417,-0.5840911849881018,0.754614664240863,1.232522718981626,-1.23523853899498,-0.6019292654288461,1
-0.008603688272536585,0.379932550044238,-0.8236482522613263,-0.8726527060094256,-1.23523853899498,-0.6019292654288461,1
-0.005852849164990797,0.6535068532290912,-0.8236482522613263,-0.8726527060094256,-0.0926808743895372,1.6613247725836153,0
0.681856927721456,-0.7306488474085588,1.0533254422229157,1.269132416329297,-1.23523853899498,-0.6019292654288461,0
2.5496766817450456,0.15195396405686035,-0.8236482522613263,-0.8726527060094256,-0.0926808743895372,1.6613247725836153,1
1.1274928631438736,0.5460312341207559,-0.8236482522613263,-0.8726527060094256,1.0498767902159056,-0.6019292654288461,0
2.3846263352922983,-1.5676559416765026,1.280702303074926,1.204227350366155,-0.0926808743895372,1.6613247725836153,1
-0.37996696779121786,-1.007479987536089,1.1424928386354687,1.2853641101880786,-1.23523853899498,-0.6019292654288461,1
-0.6344195852392032,0.7512119615093958,-0.8236482522613263,-0.8726527060094256,1.0498767902159056,-0.6019292654288461,0
-0.5642731879967856,0.3571346914455002,-0.8236482522613263,-0.8726527060094256,1.0498767902159056,-0.6019292654288461,0
1.289792370489075,0.4418124519550976,-0.8236482522613263,-0.8726527060094256,1.0498767902159056,-0.6019292654288461,1
-0.8118487076759066,-1.1019282588737167,1.1692430575592347,1.2030290063018922,-1.23523853899498,-0.6019292654288461,0
-0.9562677608220603,-0.49941342447850434,1.3342027409224577,1.2399919289640802,-1.23523853899498,1.6613247725836153,0
-0.7595827646325365,-1.557885430848472,1.512537533747564,1.2142481745896672,-1.23523853899498,-0.6019292654288461,0
-0.12138809168191386,-1.2549995951795274,1.2316602350480217,1.1476789858878873,-1.23523853899498,-0.6019292654288461,0
-0.36071109403839735,-0.7241351735232052,1.1424928386354687,1.2016479405942104,-1.23523853899498,-0.6019292654288461,1
-1.1845874067483606,0.9726768736114199,-0.8236482522613263,-0.8726527060094256,1.0498767902159056,1.6613247725836153,0
-0.754081086417445,-1.352704703459832,1.8246234211914998,1.2491076400806154,-1.23523853899498,1.6613247725836153,1
-1.3125014252492397,1.155059742401322,-0.8236482522613263,-0.8726527060094256,1.0498767902159056,-0.6019292654288461,0
-1.1103147508446245,1.2006554595987975,-0.8236482522613263,-0.8726527060094256,1.0498767902159056,-0.6019292654288461,0
0.7533787445176465,0.05750569271923246,-0.8236482522613263,-0.8726527060094256,-0.0926808743895372,-0.6019292654288461,1
-0.12688976989700546,0.379932550044238,-0.3510610512747951,1.2694150483063809,-1.23523853899498,-0.6019292654288461,0
0.2871115157886356,1.1322618838025842,-0.8236482522613263,-0.8726527060094256,1.0498767902159056,-0.6019292654288461,0
1.2430281056607966,-0.7045941518671442,1.1692430575592347,1.1597856372954065,-0.0926808743895372,-0.6019292654288461,0
-1.2533583844370053,-0.8967475314850768,0.7323228151377247,0.537878702021171,-1.23523853899498,-0.6019292654288461,0
0.018904702802921287,-1.3038521493196797,1.561579601774468,1.223629175437126,-1.23523853899498,-0.6019292654288461,1
0.6791060886139103,0.2040633551396895,-0.8236482522613263,-0.8726527060094256,-0.0926808743895372,1.6613247725836153,1
-1.2946209710501921,1.467716088898297,-0.8236482522613263,-0.8726527060094256,1.0498767902159056,-0.6019292654288461,0
1.383320900145632,-0.7045941518671442,1.0667005516847987,1.1746332892658584,-0.0926808743895372,-0.6019292654288461,0
-1.0277895776182508,-1.316879497090387,1.806789941908989,0.467269911007078,1.0498767902159056,1.6613247725836153,0
-0.5037547276307783,-0.7957855862620953,0.7234060754964694,1.064232184227006,-1.23523853899498,-0.6019292654288461,1
-0.27956134036579666,0.4320419411270672,-0.8236482522613263,-0.8726527060094256,1.0498767902159056,1.6613247725836153,0
1.0105822010731775,0.5753427666048474,-0.8236482522613263,-0.8726527060094256,-0.0926808743895372,-0.6019292654288461,1
1.0669744027778663,-0.8446381404022476,0.8259485813709054,1.252397628212511,-1.23523853899498,-0.6019292654288461,0
0.0037750877114194584,-0.4896429136504739,0.7501562944202353,1.0977229892455036,-1.23523853899498,-0.6019292654288461,0
-0.9026263982249175,0.988961058324804,-0.8236482522613263,-0.8726527060094256,1.0498767902159056,-0.6019292654288461,0
-0.5298876991524633,0.49066500609525,-0.8236482522613263,-0.8726527060094256,1.0498767902159056,-0.6019292654288461,0
-0.3332027029629395,-1.0758735633323022,1.2985357823574366,1.0691462556175706,-1.23523853899498,-0.6019292654288461,1
-0.261680886166749,0.31805264813337836,-0.8236482522613263,-0.8726527060094256,1.0498767902159056,-0.6019292654288461,0
-0.67568217185239,-0.6948236410391138,0.8883657588596926,1.18649693719175,-1.23523853899498,-0.6019292654288461,1
-0.30431889233370873,1.3113879156498096,-0.8236482522613263,-0.8726527060094256,1.0498767902159056,1.6613247725836153,0
-0.30431889233370873,-0.4603313811663825,1.1335760989942136,1.1967004943577653,1.0498767902159056,-0.6019292654288461,0
0.10005445647552201,-1.1833491824406372,1.267327193613043,1.255382752579289,-1.23523853899498,-0.6019292654288461,1
-0.6426721025618406,-0.5091839353065348,0.652072158366427,1.1972677697780385,-1.23523853899498,1.6613247725836153,1
-1.089683457538031,1.467716088898297,-0.8236482522613263,-0.8726527060094256,-1.23523853899498,-0.6019292654288461,0
0.33800203927823264,-0.9586274333959365,1.320827631460575,1.1857293824329993,-1.23523853899498,1.6613247725836153,1
0.9872000686590384,-0.7957855862620953,1.022116853478522,1.2384417533224454,-1.23523853899498,-0.6019292654288461,0
-1.091058877091804,-0.7664740537780039,0.49157084482383145,0.5392613674037979,-1.23523853899498,-0.6019292654288461,1
-0.5587715097816941,0.4385556150124208,-0.8236482522613263,-0.8726527060094256,1.0498767902159056,-0.6019292654288461,0
-0.4239803935119505,1.467716088898297,-0.8236482522613263,-0.8726527060094256,1.0498767902159056,1.6613247725836153,0
-0.3359535420704853,0.6991025704265666,-0.8236482522613263,-0.8726527060094256,-1.23523853899498,-0.6019292654288461,0
-0.6908117869438919,-0.5580364894466872,0.7813648831646289,1.2114170174227987,-1.23523853899498,-0.6019292654288461,1
0.07667232406138283,-0.08253829581587095,-0.8236482522613263,-0.8726527060094256,-1.23523853899498,-0.6019292654288461,1
-0.38134238734499076,1.4579455780702666,-0.8236482522613263,-0.8726527060094256,1.0498767902159056,-0.6019292654288461,0
1.161878351988196,0.4808944952672195,-0.8236482522613263,-0.8726527060094256,-0.0926808743895372,-0.6019292654288461,1
-1.1584544352266757,0.9759337105540967,-0.8236482522613263,-0.8726527060094256,1.0498767902159056,-0.6019292654288461,0
-0.2520529492903388,0.3962167347576221,-0.8236482522613263,-0.8726527060094256,1.0498767902159056,1.6613247725836153,1
-0.5202597622760531,0.24640223539448822,-0.8236482522613263,-0.8726527060094256,1.0498767902159056,-0.6019292654288461,0
-1.2946209710501921,1.467716088898297,-0.8236482522613263,-0.8726527060094256,1.0498767902159056,1.6613247725836153,0
-0.07737466596118127,-1.352704703459832,1.5348293828507023,1.1964048266133285,-1.23523853899498,-0.6019292654288461,0
-0.12413893078945966,0.07053304048993975,-0.8236482522613263,-0.8726527060094256,-1.23523853899498,-0.6019292654288461,1
1.0738515005467308,-0.44404719645299834,1.1469512084560964,1.2335874340585344,-0.0926808743895372,-0.6019292654288461,1
-1.0442946122635255,0.9205674825285907,-0.8236482522613263,-0.8726527060094256,1.0498767902159056,1.6613247725836153,0
1.137120800020284,-0.8511518142876013,1.3119108918193196,1.2139937946922894,-1.23523853899498,1.6613247725836153,1
-1.1570790156729027,-0.8902338575997232,1.525912643209447,1.2338841711873128,-1.23523853899498,1.6613247725836153,0
-0.5904061595184706,-0.7925287493194185,0.883907389039065,1.201519553682484,-1.23523853899498,-0.6019292654288461,1
1.5662517007974266,0.4939218430379268,-0.8236482522613263,-0.8726527060094256,-0.0926808743895372,-0.6019292654288461,1
-0.5037547276307783,0.5590585818914633,-0.8236482522613263,-0.8726527060094256,1.0498767902159056,-0.6019292654288461,0
-0.42948207172704206,-1.8119187123772642,1.3877031787699896,1.1099702372345632,-0.0926808743895372,-0.6019292654288461,0
-0.754081086417445,-0.8706928359436622,1.0087417440166393,1.2329833883871109,-1.23523853899498,1.6613247725836153,0
-3.14731110998228,1.467716088898297,-0.8236482522613263,-0.8726527060094256,1.0498767902159056,1.6613247725836153,0
1.0807285983155952,-0.9944526397653816,1.1335760989942136,1.0435683575305932,-0.0926808743895372,-0.6019292654288461,1
-0.9053772373324632,0.9954747322101576,-0.8236482522613263,-0.8726527060094256,1.0498767902159056,-0.6019292654288461,0
-1.7278781304886537,-1.427611953141399,-0.8236482522613263,-0.8726527060094256,1.0498767902159056,1.6613247725836153,0
0.8359039177440202,0.3994735717002989,-0.8236482522613263,-0.8726527060094256,1.0498767902159056,-0.6019292654288461,0
-0.6454229416693864,1.467716088898297,-0.8236482522613263,-0.8726527060094256,-0.0926808743895372,1.6613247725836153,0
-0.6041603550561996,-0.7143646626951747,-0.8236482522613263,-0.8726527060094256,-0.0926808743895372,-0.6019292654288461,0
-0.3758407091298992,0.09984457297403117,-0.8236482522613263,-0.8726527060094256,1.0498767902159056,-0.6019292654288461,0
-0.5532698315666025,1.301617404821779,-0.8236482522613263,-0.8726527060094256,-0.0926808743895372,1.6613247725836153,0
-0.5670240271043314,0.6274521576876766,-0.8236482522613263,-0.8726527060094256,1.0498767902159056,-0.6019292654288461,0
0.7024882210280494,0.8619444175604078,-0.8236482522613263,-0.8726527060094256,1.0498767902159056,-0.6019292654288461,0
-0.44873794547986257,-0.505927098363858,1.4189117675143832,1.210439354522812,1.0498767902159056,1.6613247725836153,0
-3.0757892931860895,-3.1797902283015302,-0.8236482522613263,-0.8726527060094256,-1.23523853899498,-0.6019292654288461,0
-0.3359535420704853,0.8293760481336396,-0.8236482522613263,-0.8726527060094256,1.0498767902159056,-0.6019292654288461,0
1.9706250496066575,-0.7078509888098211,0.7769065133440013,1.0910360198224283,-0.0926808743895372,-0.6019292654288461,0
-1.2946209710501921,1.467716088898297,-0.8236482522613263,-0.8726527060094256,1.0498767902159056,1.6613247725836153,0
-0.6302933265778845,0.5785996035475243,-0.8236482522613263,-0.8726527060094256,1.0498767902159056,1.6613247725836153,0
-0.7472039886485805,-0.857665488172955,1.0132001138372668,1.1616990142167356,-1.23523853899498,-0.6019292654288461,0
-0.8503604551815476,0.7935508417641945,-0.8236482522613263,-0.8726527060094256,1.0498767902159056,-0.6019292654288461,0
-0.4239803935119505,1.467716088898297,-0.8236482522613263,-0.8726527060094256,1.0498767902159056,-0.6019292654288461,0
0.3256232632942766,0.4320419411270672,-0.8236482522613263,-0.8726527060094256,-0.0926808743895372,-0.6019292654288461,1
1.7271757885888552,-0.8153266079181563,1.2227434954067664,1.1928322719509545,-0.0926808743895372,-0.6019292654288461,0
-0.6811838500674816,0.7870371678788409,-0.8236482522613263,-0.8726527060094256,1.0498767902159056,1.6613247725836153,0
-0.4336083303883607,0.4125009194710062,-0.8236482522613263,-0.8726527060094256,1.0498767902159056,1.6613247725836153,0
1.6570293913464378,0.4743808213818659,-0.8236482522613263,-0.8726527060094256,1.0498767902159056,1.6613247725836153,1
1.4287097454201374,0.21383386596772,-0.8236482522613263,-0.8726527060094256,1.0498767902159056,1.6613247725836153,0
-0.7843403166004487,-1.114955606644424,1.2049100161242559,1.1622454042418637,-1.23523853899498,-0.6019292654288461,0
-0.6151637114863827,1.467716088898297,-0.8236482522613263,-0.8726527060094256,1.0498767902159056,-0.6019292654288461,0
2.379124657077207,-1.0400483569628571,1.022116853478522,1.1949638353957022,-0.0926808743895372,-0.6019292654288461,1
-0.6701804936372985,0.6697910379424753,-0.8236482522613263,-0.8726527060094256,1.0498767902159056,-0.6019292654288461,0
-0.19015906937055854,-0.7599603798926502,1.1202009895323306,1.1562664398091098,-1.23523853899498,-0.6019292654288461,0
-0.058118792208360755,-0.8088129340328026,1.1335760989942136,1.2147340734459324,-1.23523853899498,1.6613247725836153,0
-0.6137882919326099,0.6469931793437376,-0.8236482522613263,-0.8726527060094256,1.0498767902159056,-0.6019292654288461,0
-0.6316687461316575,0.9401085041846516,-0.8236482522613263,-0.8726527060094256,1.0498767902159056,-0.6019292654288461,0
-0.46661839967891017,-0.838124466516894,0.7858232529852566,1.1791097155035617,-1.23523853899498,1.6613247725836153,1
-0.3180730878714377,0.30502530036267106,-0.8236482522613263,-0.8726527060094256,1.0498767902159056,-0.6019292654288461,0
0.7932659115770604,-0.22258228435097435,-0.8236482522613263,-0.8726527060094256,-1.23523853899498,-0.6019292654288461,1
-0.3070697314412545,0.1617244748848908,-0.8236482522613263,-0.8726527060094256,1.0498767902159056,-0.6019292654288461,0
0.44390934491874545,0.3538778545028234,-0.8236482522613263,-0.8726527060094256,-0.0926808743895372,-0.6019292654288461,1
1.535992470614423,-0.8511518142876013,1.0444087025816604,1.2151574520481874,-0.0926808743895372,-0.6019292654288461,0
0.010652185480283927,0.435298778069744,-0.8236482522613263,-0.8726527060094256,-0.0926808743895372,-0.6019292654288461,1
-0.43223291083458787,-0.48312923976512023,1.1335760989942136,1.2011796138390791,-1.23523853899498,-0.6019292654288461,0
-0.3001926336723901,-0.3007463709752181,0.6788223772901929,1.1535102438860492,-1.23523853899498,-0.6019292654288461,0
-0.6206653897014742,-0.5678070002747176,0.6966558565727035,1.229683698849931,-1.23523853899498,-0.6019292654288461,1
0.5566937483281227,1.467716088898297,-0.8236482522613263,-0.8726527060094256,1.0498767902159056,1.6613247725836153,0
-0.38271780689876367,-0.9260590639691683,1.1603263179179792,1.1134524811730733,-1.23523853899498,-0.6019292654288461,1
0.16607459505662092,-1.8770554512308006,1.3163692616399472,1.046014658420241,-1.23523853899498,-0.6019292654288461,0
-0.0732484072998626,-1.043305193905534,1.2896190427161813,1.1478501772256633,-1.23523853899498,-0.6019292654288461,0
-0.23554791464506405,0.3929598978149453,-0.8236482522613263,-0.8726527060094256,1.0498767902159056,1.6613247725836153,0
-0.7444531495410347,-1.8021482015492338,1.9494577761690741,1.1062177415388248,-1.23523853899498,1.6613247725836153,0
-0.5794028030882875,0.5167197016366646,-0.8236482522613263,-0.8726527060094256,1.0498767902159056,-0.6019292654288461,0
-0.2699334034893864,-0.9586274333959365,1.3609529598462238,1.199861290597135,-1.23523853899498,1.6613247725836153,0
-0.1392685458809615,-1.3201363340330639,1.1469512084560964,1.2289986755834403,-1.23523853899498,1.6613247725836153,0
1.9087311696868772,0.4613534736111586,-0.8236482522613263,-0.8726527060094256,-0.0926808743895372,-0.6019292654288461,1
-0.4239803935119505,1.467716088898297,-0.8236482522613263,-0.8726527060094256,1.0498767902159056,-0.6019292654288461,0
0.8180234635449726,0.7805234939934873,-0.8236482522613263,-0.8726527060094256,1.0498767902159056,-0.6019292654288461,0
0.30086571132636447,-0.4114788270262301,1.0622421818641712,1.2207504362522283,1.0498767902159056,-0.6019292654288461,0
-0.6151637114863827,1.467716088898297,-0.8236482522613263,-0.8726527060094256,1.0498767902159056,1.6613247725836153,0
-0.8187258054447709,-1.1768355085552837,1.2405769746892772,1.2065451351818077,-1.23523853899498,-0.6019292654288461,0
-1.2946209710501921,1.467716088898297,-0.8236482522613263,-0.8726527060094256,1.0498767902159056,-0.6019292654288461,0
-0.8764934267032325,1.0768956557770781,-0.8236482522613263,-0.8726527060094256,1.0498767902159056,-0.6019292654288461,0
0.7671329400553755,0.6274521576876766,-0.8236482522613263,-0.8726527060094256,-0.0926808743895372,-0.6019292654288461,1
-0.6151637114863827,1.467716088898297,-0.8236482522613263,-0.8726527060094256,1.0498767902159056,-0.6019292654288461,0
-0.2217937191073351,-0.04345625250374907,0.9195743476040862,1.229197771015573,1.0498767902159056,-0.6019292654288461,0
-0.8256029032136354,1.467716088898297,-0.8236482522613263,-0.8726527060094256,1.0498767902159056,-0.6019292654288461,0
0.8386547568515659,-0.691566804096437,0.959699675989735,1.1575650865847564,-1.23523853899498,-0.6019292654288461,0
0.6983619623667308,0.48415133220989637,-0.8236482522613263,-0.8726527060094256,1.0498767902159056,-0.6019292654288461,0
-1.206594119608727,0.9857042213821272,-0.8236482522613263,-0.8726527060094256,1.0498767902159056,-0.6019292654288461,0
-0.11176015480550361,1.174600764057383,-0.8236482522613263,-0.8726527060094256,1.0498767902159056,-0.6019292654288461,0
1.069725241885412,-0.49615658753582753,1.4010782882318726,1.1978027681204868,-0.0926808743895372,-0.6019292654288461,0
1.6350226784860713,0.5362607232927256,-0.8236482522613263,-0.8726527060094256,-0.0926808743895372,-0.6019292654288461,1
1.3750683828229944,0.21057702902504316,-0.8236482522613263,-0.8726527060094256,-0.0926808743895372,-0.6019292654288461,1
0.9748212926750824,-0.6264300652429005,1.369869699487479,1.2663556416062378,-1.23523853899498,-0.6019292654288461,1
1.1715062888646062,0.6111679729742925,-0.8236482522613263,-0.8726527060094256,-0.0926808743895372,-0.6019292654288461,1
-0.25893004705920325,1.0215294277515723,-0.8236482522613263,-0.8726527060094256,1.0498767902159056,-0.6019292654288461,0
-0.23692333419883693,0.29525478953464057,-0.8236482522613263,-0.8726527060094256,1.0498767902159056,-0.6019292654288461,0
0.7093653187969139,0.379932550044238,-0.8236482522613263,-0.8726527060094256,1.0498767902159056,-0.6019292654288461,0
1.8949769741491482,-0.8478949773449245,1.4634954657206598,1.2279370823036637,-0.0926808743895372,-0.6019292654288461,1
0.18257962970189565,-0.8609223251156318,1.0354919629404051,1.1497825850464787,-1.23523853899498,-0.6019292654288461,0
-0.3098205705488003,1.467716088898297,-0.8236482522613263,-0.8726527060094256,1.0498767902159056,1.6613247725836153,0
0.6502222779846795,0.7349277767960117,-0.8236482522613263,-0.8726527060094256,-0.0926808743895372,-0.6019292654288461,1
-0.5615223488892398,-0.968397944223967,1.2584104539717877,1.1617187257811814,-1.23523853899498,1.6613247725836153,0
0.48104567287061356,0.22360437679575046,0.4960292146444591,1.1781895213031734,1.0498767902159056,-0.6019292654288461,0
0.7753854573780128,0.6437363424010607,-0.8236482522613263,-0.8726527060094256,-0.0926808743895372,-0.6019292654288461,1
-0.29744179456484426,-1.0921577480456863,0.9329494570659691,1.1845213276108277,-1.23523853899498,-0.6019292654288461,1
-0.12964060900455124,-1.1931196932686678,1.1737014273798623,1.0867719210714524,-1.23523853899498,-0.6019292654288461,1
2.6789661197996977,-1.0172504983641193,0.9418661967072245,1.1999221484446347,-0.0926808743895372,-0.6019292654288461,1
2.893531570188269,-1.837973407918679,1.5972465603394894,1.054321084205272,-0.0926808743895372,1.6613247725836153,1
0.28848693534240843,0.6632773640571217,-0.29310224360663556,1.1723521059402653,1.0498767902159056,-0.6019292654288461,0
-0.5271368600449176,0.5981406252035851,-0.8236482522613263,-0.8726527060094256,1.0498767902159056,-0.6019292654288461,0
-0.44598710637231676,0.37667571310156117,-0.8236482522613263,-0.8726527060094256,1.0498767902159056,1.6613247725836153,0
0.9899509077665842,0.3571346914455002,-0.8236482522613263,-0.8726527060094256,1.0498767902159056,-0.6019292654288461,0
1.0614727245627746,0.5004355169232805,-0.8236482522613263,-0.8726527060094256,-0.0926808743895372,-0.6019292654288461,1
-0.3098205705488003,1.467716088898297,-0.8236482522613263,-0.8726527060094256,1.0498767902159056,-0.6019292654288461,0
-0.1819065520479212,-0.968397944223967,1.0444087025816604,1.098168089743235,-1.23523853899498,-0.6019292654288461,1
-0.15027190231114462,-0.9162885531411378,1.1870765368417453,1.2811773624686364,-1.23523853899498,-0.6019292654288461,1
-0.10625847659041204,-0.5873480219307786,0.8437820606534161,1.1578176012355765,-1.23523853899498,-0.6019292654288461,0
-0.17365403472528382,-1.0889009111030095,1.25395208415116,1.2373838151525154,-1.23523853899498,-0.6019292654288461,1
-0.6949380456052106,-1.043305193905534,0.4469871466175549,1.160053098585485,-1.23523853899498,-0.6019292654288461,1
-0.3098205705488003,0.008653138579080106,-0.8236482522613263,-0.8726527060094256,1.0498767902159056,-0.6019292654288461,0
-0.03886291845554025,-1.4145846053706919,1.3475778503843407,1.183188241510631,-1.23523853899498,-0.6019292654288461,0
-0.06499588997722523,1.1452892315732914,-0.8236482522613263,-0.8726527060094256,-1.23523853899498,-0.6019292654288461,0
1.4300851649739101,0.21057702902504316,-0.8236482522613263,-0.8726527060094256,1.0498767902159056,-0.6019292654288461,0
0.9982034250892216,-0.838124466516894,1.5169959035681917,1.1993258956096369,-0.0926808743895372,-0.6019292654288461,0
-0.9026263982249175,1.1257482099172307,-0.8236482522613263,-0.8726527060094256,1.0498767902159056,-0.6019292654288461,0
-0.4239803935119505,1.467716088898297,-0.8236482522613263,-0.8726527060094256,1.0498767902159056,1.6613247725836153,0
-0.5092564058458698,0.34736418061746976,-0.06126701293399759,1.212290230994069,1.0498767902159056,-0.6019292654288461,0
1.4782248493559615,-1.3885299098292772,1.9004157081421698,1.062757746270217,-0.0926808743895372,1.6613247725836153,1
0.13443994531984435,0.8586875806177311,-0.8236482522613263,-0.8726527060094256,-1.23523853899498,-0.6019292654288461,0
-0.3098205705488003,1.467716088898297,-0.8236482522613263,-0.8726527060094256,1.0498767902159056,1.6613247725836153,0
-1.0099091234192032,0.933594830299298,-0.8236482522613263,-0.8726527060094256,1.0498767902159056,1.6613247725836153,0
1.174257127972152,0.7805234939934873,-0.8236482522613263,-0.8726527060094256,1.0498767902159056,-0.6019292654288461,1
0.02303096146423997,-0.9065180423131073,0.7501562944202353,1.2265758957471884,-1.23523853899498,1.6613247725836153,0
-0.4226049739581776,1.467716088898297,-0.8236482522613263,-0.8726527060094256,1.0498767902159056,-0.6019292654288461,0
-0.7045659824816208,-1.779350342950496,1.989583104554723,1.026861065247745,-1.23523853899498,1.6613247725836153,0
-0.4597413019100457,-0.3072600448605718,0.9061992381422033,1.1245261649599927,-1.23523853899498,-0.6019292654288461,0
-1.258860062652097,-0.8511518142876013,1.512537533747564,1.1443167517829953,-1.23523853899498,1.6613247725836153,0
-2.1281252206365657,-2.499111307282074,1.1291177291735859,1.1398273942915653,-1.23523853899498,-0.6019292654288461,0
-1.2120957978238185,-0.6036322066441627,0.33998627092249123,0.47398643620597086,-1.23523853899498,-0.6019292654288461,0
-0.5587715097816941,-1.5676559416765026,1.6552053680076488,1.1430635309233692,-1.23523853899498,1.6613247725836153,0
1.6047634483030677,0.5167197016366646,-0.8236482522613263,-0.8726527060094256,-0.0926808743895372,1.6613247725836153,1
-0.5560206706741483,-0.8641791620583086,1.4322868769762662,1.2429353558327303,-1.23523853899498,1.6613247725836153,0
0.24034725096035717,0.4222714302990367,-0.8236482522613263,-0.8726527060094256,-0.0926808743895372,-0.6019292654288461,1
0.5044278052847527,0.8814854392164688,-0.8236482522613263,-0.8726527060094256,-0.0926808743895372,-0.6019292654288461,1
-0.7238218562344413,-1.577426452504533,1.7087058058551807,1.1662469389872976,-1.23523853899498,1.6613247725836153,0
0.8661631479270238,0.7512119615093958,-0.8236482522613263,-0.8726527060094256,-0.0926808743895372,-0.6019292654288461,1
-0.7224464366806684,0.933594830299298,-0.8236482522613263,-0.8726527060094256,1.0498767902159056,-0.6019292654288461,0
-0.4858742734317307,1.0052452430381882,-0.8236482522613263,-0.8726527060094256,1.0498767902159056,-0.6019292654288461,0
0.28848693534240843,0.37341887615888436,-0.8236482522613263,-0.8726527060094256,-0.0926808743895372,-0.6019292654288461,1
-0.9562677608220603,-1.3136226601477103,1.4412036166175215,1.1616627738725613,-1.23523853899498,-0.6019292654288461,0
0.4507864426876099,0.6795615487705058,-0.8236482522613263,-0.8726527060094256,-1.23523853899498,-0.6019292654288461,0
-0.6151637114863827,1.467716088898297,-0.8236482522613263,-0.8726527060094256,1.0498767902159056,-0.6019292654288461,0
0.08630026093779308,0.5785996035475243,-0.08355886203713586,1.1626976596559213,1.0498767902159056,-0.6019292654288461,0
0.04228683521706048,1.1648302532293524,-0.8236482522613263,-0.8726527060094256,1.0498767902159056,1.6613247725836153,0
0.07667232406138283,1.1876281118280902,-0.8236482522613263,-0.8726527060094256,1.0498767902159056,-0.6019292654288461,0
-0.8145995467834523,0.8456602328470237,-0.8236482522613263,-0.8726527060094256,1.0498767902159056,-0.6019292654288461,0
-0.8256029032136354,1.467716088898297,-0.8236482522613263,-0.8726527060094256,1.0498767902159056,-0.6019292654288461,0
-0.4239803935119505,1.467716088898297,-0.8236482522613263,-0.8726527060094256,1.0498767902159056,-0.6019292654288461,0
-0.6000340963948809,0.6567636901717679,-0.8236482522613263,-0.8726527060094256,1.0498767902159056,1.6613247725836153,0
0.4466601840262912,0.7284141029106581,-0.8236482522613263,-0.8726527060094256,1.0498767902159056,1.6613247725836153,0
0.7671329400553755,0.7707529831654568,-0.8236482522613263,-0.8726527060094256,1.0498767902159056,-0.6019292654288461,0
0.2981148722188187,1.0834093296624319,-0.8236482522613263,-0.8726527060094256,1.0498767902159056,-0.6019292654288461,0
-1.4803026108095327,-1.984531070339136,1.3297443711018302,1.2314188176626588,-1.23523853899498,-0.6019292654288461,0
-1.3922757593680677,-0.9000043684277537,-0.8236482522613263,-0.8726527060094256,1.0498767902159056,-0.6019292654288461,0
0.6199630478016759,-1.1996333671540214,1.5392877526713298,1.2381439861995804,-1.23523853899498,1.6613247725836153,1
0.552567489666804,0.09984457297403117,-0.8236482522613263,-0.8726527060094256,1.0498767902159056,1.6613247725836153,1
-0.34283063983934975,-0.9781684550519975,1.1469512084560964,1.2335874340585344,-1.23523853899498,-0.6019292654288461,1
-0.4611167214638186,0.5948837882609084,-0.8236482522613263,-0.8726527060094256,1.0498767902159056,-0.6019292654288461,0
-0.2685579839356135,1.4351477194715287,-0.8236482522613263,-0.8726527060094256,1.0498767902159056,-0.6019292654288461,0
0.2857360962348627,-0.9065180423131073,0.6788223772901929,1.0679730217268733,-1.23523853899498,-0.6019292654288461,0
-0.8943738809022801,-0.8641791620583086,0.22406865558617223,0.5060671054263413,-1.23523853899498,1.6613247725836153,1
-0.6729313327448443,1.3700109806179923,-0.8236482522613263,-0.8726527060094256,1.0498767902159056,1.6613247725836153,0
-1.2629863213134156,-0.782758238491388,1.3029941521780644,1.1527265325070761,-1.23523853899498,-0.6019292654288461,0
1.120615765375009,0.5688290927194938,-0.8236482522613263,-0.8726527060094256,-0.0926808743895372,-0.6019292654288461,1
0.8812927630185257,-1.0302778461348265,0.5985717205188952,1.1395219660291867,-0.0926808743895372,-0.6019292654288461,0
1.2045163581551557,0.3375936697894393,-0.8236482522613263,-0.8726527060094256,1.0498767902159056,1.6613247725836153,1
-0.158524419633782,0.18126549654095175,-0.8236482522613263,-0.8726527060094256,1.0498767902159056,1.6613247725836153,0
0.06566896763119967,-1.0498188677908875,1.4144533976937557,1.1487624817644682,-1.23523853899498,-0.6019292654288461,0
-0.018231625148946842,0.16498131182756764,-0.8236482522613263,-0.8726527060094256,-1.23523853899498,1.6613247725836153,0
-0.6357950047929761,0.42878510418439036,-0.8236482522613263,-0.8726527060094256,1.0498767902159056,-0.6019292654288461,0
1.7271757885888552,-0.1444181977267306,-0.45806192696985876,1.2328025694867761,-0.0926808743895372,-0.6019292654288461,1
0.5168065812687088,1.360240469789962,-0.8236482522613263,-0.8726527060094256,1.0498767902159056,1.6613247725836153,0
0.7121161579044597,0.4743808213818659,-0.8236482522613263,-0.8726527060094256,1.0498767902159056,-0.6019292654288461,0
-0.9741482150211079,1.3146447525924863,-0.8236482522613263,-0.8726527060094256,1.0498767902159056,-0.6019292654288461,0
2.0902865507848993,0.37341887615888436,-0.8236482522613263,-0.8726527060094256,-0.0926808743895372,-0.6019292654288461,1
-0.9053772373324632,-1.0205073353067962,0.5673631317745016,0.6338407622120094,-1.23523853899498,-0.6019292654288461,1
1.7766908925246794,-0.968397944223967,0.7858232529852566,1.2452956000684972,-0.0926808743895372,-0.6019292654288461,0
2.1879413391027747,-1.4927486919949355,1.3074525219986919,1.0736670938497546,1.0498767902159056,-0.6019292654288461,1
1.3448091526399908,1.2397375029109194,-0.8236482522613263,-0.8726527060094256,1.0498767902159056,-0.6019292654288461,1
0.8524089523892948,-0.8120697709754794,1.6953306963932977,1.2138168909057878,-0.0926808743895372,1.6613247725836153,0
0.5828267198498077,0.6502500162864143,-0.8236482522613263,-0.8726527060094256,1.0498767902159056,1.6613247725836153,0
-0.4239803935119505,1.467716088898297,-0.8236482522613263,-0.8726527060094256,1.0498767902159056,-0.6019292654288461,0
0.7272457729959615,0.6502500162864143,-0.8236482522613263,-0.8726527060094256,-0.0926808743895372,-0.6019292654288461,1
-1.5999641119877746,-0.5189544461345653,-0.8236482522613263,-0.8726527060094256,1.0498767902159056,-0.6019292654288461,0
-0.0925042810526831,-0.1574455454974379,1.2940774125368089,1.2048622445785588,1.0498767902159056,-0.6019292654288461,0
0.954189999368489,-0.7241351735232052,1.525912643209447,1.1739115910535975,-0.0926808743895372,-0.6019292654288461,0
-1.075929262000302,-1.2875679646062956,1.730997654958319,1.1875835457091926,-1.23523853899498,1.6613247725836153,0
0.33112494150936816,0.5590585818914633,-0.8236482522613263,-0.8726527060094256,-0.0926808743895372,1.6613247725836153,1
-0.08700260283759152,0.01190997552175693,-0.8236482522613263,-0.8726527060094256,1.0498767902159056,-0.6019292654288461,0
-0.261680886166749,0.8098350264775787,-0.8236482522613263,-0.8726527060094256,-0.0926808743895372,-0.6019292654288461,0
-0.5257614404911446,0.26268642010787235,-0.8236482522613263,-0.8726527060094256,1.0498767902159056,-0.6019292654288461,0
-0.4528642041411812,-0.4310198486822911,0.27756909343370406,1.1692926704245525,-1.23523853899498,-0.6019292654288461,1
0.8359039177440202,-0.782758238491388,0.7055725962139588,1.2067696705858233,1.0498767902159056,1.6613247725836153,0
-0.44736252592608966,-0.44404719645299834,1.3431194805637132,1.2360695320439155,1.0498767902159056,-0.6019292654288461,0
-0.8256029032136354,1.467716088898297,-0.8236482522613263,-0.8726527060094256,1.0498767902159056,-0.6019292654288461,0
-0.14889648275737175,-0.8902338575997232,1.2361186048686494,1.1480039406677298,-1.23523853899498,1.6613247725836153,0
-0.3098205705488003,1.467716088898297,-0.8236482522613263,-0.8726527060094256,1.0498767902159056,-0.6019292654288461,0
-0.20391326490828748,1.3439562850765778,-0.8236482522613263,-0.8726527060094256,1.0498767902159056,-0.6019292654288461,0
-0.7224464366806684,-2.512138655052781,2.3952947582318393,0.7670492083734823,1.0498767902159056,1.6613247725836153,0
-0.5972832572873351,0.8717149283884383,-0.8236482522613263,-0.8726527060094256,1.0498767902159056,-0.6019292654288461,0
-0.8847459440258698,1.0150157538662186,-0.8236482522613263,-0.8726527060094256,1.0498767902159056,1.6613247725836153,0
0.4301551493810165,0.36039152838817706,-0.8236482522613263,-0.8726527060094256,-0.0926808743895372,-0.6019292654288461,1
-0.3098205705488003,1.467716088898297,-0.8236482522613263,-0.8726527060094256,1.0498767902159056,-0.6019292654288461,0
2.263589414560284,-1.3461910295744786,1.5348293828507023,1.2614214219083129,-0.0926808743895372,1.6613247725836153,1
-0.30569431188748164,-1.2973384754343262,1.2584104539717877,1.203151952497895,-1.23523853899498,-0.6019292654288461,1
-0.4913759516468223,0.6893320595985363,-0.8236482522613263,-0.8726527060094256,1.0498767902159056,-0.6019292654288461,0
-1.2230991542540017,-0.9032612053704305,1.4947040544650534,1.209717470247726,-1.23523853899498,-0.6019292654288461,0
-0.14201938498850727,-0.014144720019657659,-0.8236482522613263,-0.8726527060094256,1.0498767902159056,-0.6019292654288461,0
0.20733718166980772,1.467716088898297,-0.8236482522613263,-0.8726527060094256,1.0498767902159056,1.6613247725836153,0
1.9788775669292948,0.29199795259196376,-0.8236482522613263,-0.8726527060094256,1.0498767902159056,-0.6019292654288461,1
0.9995788446429945,-0.929315900911845,0.6431554187251717,1.2517179383566908,-0.0926808743895372,-0.6019292654288461,1
1.0931073742995512,-0.9553705964532596,1.0533254422229157,1.1646550932883832,-0.0926808743895372,-0.6019292654288461,1
-0.3001926336723901,-0.2388664690643585,0.638697048904544,1.2022887249143674,-1.23523853899498,-0.6019292654288461,0
0.31324448731032056,-0.7990424232047721,1.1870765368417453,1.2441222215055732,-1.23523853899498,-0.6019292654288461,0
0.6419697606620421,-1.1670649977272531,1.8647487495771486,1.2031168974674886,-0.0926808743895372,-0.6019292654288461,0
0.5787004611884891,0.23337488762378092,-0.8236482522613263,-0.8726527060094256,-0.0926808743895372,-0.6019292654288461,1
-0.08975344194513732,0.24640223539448822,-0.8236482522613263,-0.8726527060094256,1.0498767902159056,-0.6019292654288461,1
0.3641350107999176,0.4776376583245427,-0.8236482522613263,-0.8726527060094256,-0.0926808743895372,-0.6019292654288461,1
-0.3304518638553937,-0.7436761951792661,1.2272018652273942,1.2016090676224405,-1.23523853899498,-0.6019292654288461,1
-1.0883080379842582,0.8847422761591456,-0.8236482522613263,-0.8726527060094256,1.0498767902159056,-0.6019292654288461,0
-0.05536795310081497,0.8391465589616701,-0.8236482522613263,-0.8726527060094256,-1.23523853899498,-0.6019292654288461,0
-1.2946209710501921,1.467716088898297,-0.8236482522613263,-0.8726527060094256,1.0498767902159056,-0.6019292654288461,0
0.5566937483281227,-0.5222112830772421,1.267327193613043,1.2642680780848783,-1.23523853899498,-0.6019292654288461,1
1.7574350187718588,0.3538778545028234,-0.8236482522613263,-0.8726527060094256,-0.0926808743895372,-0.6019292654288461,1
0.49892612706966116,-1.6979294193835754,1.369869699487479,1.1195220444600786,-1.23523853899498,1.6613247725836153,1
1.3998259347909066,-0.782758238491388,1.3074525219986919,1.209637538949697,-0.0926808743895372,1.6613247725836153,1
1.520862855522921,-1.798891364606557,1.8112483117296168,1.2349422598074027,-1.23523853899498,1.6613247725836153,1
-1.2946209710501921,1.467716088898297,-0.8236482522613263,-0.8726527060094256,1.0498767902159056,1.6613247725836153,0
0.24859976828299454,-1.7370114626956974,1.3966199184112449,1.2710890992475674,-1.23523853899498,1.6613247725836153,0
-0.870991748488141,-1.0726167263896254,0.5584463921332462,0.4136021977586568,-1.23523853899498,1.6613247725836153,1
-1.0552979686937087,-1.0628462155615948,1.5437461224919575,1.1784960930305286,-1.23523853899498,-0.6019292654288461,0
-0.9328856284079211,1.0182725908088954,-0.8236482522613263,-0.8726527060094256,1.0498767902159056,-0.6019292654288461,0
-0.5230106013835988,0.37667571310156117,-0.8236482522613263,-0.8726527060094256,1.0498767902159056,-0.6019292654288461,0
1.0380905921486354,-0.9586274333959365,1.3431194805637132,1.2788428025926648,-0.0926808743895372,-0.6019292654288461,1
-0.43635916949590653,0.3375936697894393,-0.8236482522613263,-0.8726527060094256,1.0498767902159056,-0.6019292654288461,0
0.19770924479339747,-0.9228022270264914,0.9061992381422033,1.1580519493647552,-1.23523853899498,-0.6019292654288461,0
2.0559010619405766,-0.7339056843512357,0.8749906493978097,1.12141552516986,-0.0926808743895372,-0.6019292654288461,0
0.7024882210280494,-0.450560870338352,1.2227434954067664,1.0800962497620838,-0.0926808743895372,1.6613247725836153,0
-0.5615223488892398,0.9075401347578834,-0.8236482522613263,-0.8726527060094256,1.0498767902159056,1.6613247725836153,0
1.0504693681325916,0.5883701143755546,-0.8236482522613263,-0.8726527060094256,-0.0926808743895372,-0.6019292654288461,1
0.6144613695865843,-0.7567035429499734,1.1870765368417453,1.2532659576935425,-1.23523853899498,-0.6019292654288461,0
1.148124156450467,0.5720859296621705,-0.8236482522613263,-0.8726527060094256,1.0498767902159056,-0.6019292654288461,0
-0.5876553204109248,-0.838124466516894,1.1202009895323306,1.0693127621311729,-1.23523853899498,-0.6019292654288461,0
-0.8778688462570055,-0.9846821289373511,0.23298539522742753,0.4814015822318904,-1.23523853899498,1.6613247725836153,1
1.1178649262674634,-1.1572944868992228,0.9507829363484798,1.2668268076886553,1.0498767902159056,-0.6019292654288461,0
-0.39234574377517395,0.37667571310156117,-0.8236482522613263,-0.8726527060094256,1.0498767902159056,-0.6019292654288461,0
-0.5120072449534157,-1.7304977888103437,1.5036207941063087,1.183767355929609,-1.23523853899498,1.6613247725836153,1
-0.14614564364982596,-1.1996333671540214,1.1380344688148412,1.2471994262136386,-1.23523853899498,-0.6019292654288461,1
-0.8256029032136354,1.467716088898297,-0.8236482522613263,-0.8726527060094256,1.0498767902159056,-0.6019292654288461,0
-0.8654900702730494,-0.9130317161984609,1.5883298206982341,1.202433256605621,-1.23523853899498,1.6613247725836153,0
-0.30431889233370873,-0.2909758601471877,1.0622421818641712,1.2843351111340073,1.0498767902159056,-0.6019292654288461,0
-0.5766519639807417,-1.4536666486828136,1.5437461224919575,1.2116981419358512,-1.23523853899498,-0.6019292654288461,1
-0.3359535420704853,-0.5156976091918885,1.2182851255861389,1.154888328846042,1.0498767902159056,-0.6019292654288461,0
0.44115850581119964,0.3994735717002989,-0.8236482522613263,-0.8726527060094256,-0.0926808743895372,-0.6019292654288461,1
-0.4239803935119505,1.467716088898297,-0.8236482522613263,-0.8726527060094256,1.0498767902159056,-0.6019292654288461,0
-0.8943738809022801,-0.8185834448608331,0.15273473845612978,0.3373827973361068,-1.23523853899498,-0.6019292654288461,1
0.9500637407071704,0.6046542990889389,-0.8236482522613263,-0.8726527060094256,-0.0926808743895372,-0.6019292654288461,0
-0.3510831571619871,-0.838124466516894,1.1068258800704476,1.1466114542636021,-1.23523853899498,-0.6019292654288461,1
-0.05674337265458786,0.673047874885152,-0.8236482522613263,-0.8726527060094256,-1.23523853899498,1.6613247725836153,0
0.03540973744819601,-1.4504098117401367,1.3520362202049685,1.2321936457591673,-1.23523853899498,-0.6019292654288461,0
0.437032247149881,-1.837973407918679,1.2494937143305325,1.190060950643047,-1.23523853899498,-0.6019292654288461,1
-0.158524419633782,-0.8088129340328026,0.7679897737027459,1.2561637785611544,-1.23523853899498,1.6613247725836153,1
0.24997518783676742,0.5916269513182315,-0.8236482522613263,-0.8726527060094256,-0.0926808743895372,-0.6019292654288461,1
-1.218972895592683,1.0117589169235417,-0.8236482522613263,-0.8726527060094256,1.0498767902159056,-0.6019292654288461,0
1.2719119162900274,0.40273040864297577,-0.8236482522613263,-0.8726527060094256,-0.0926808743895372,1.6613247725836153,1
-1.0085337038654303,-1.2354585735234664,1.5883298206982341,1.2060865769623377,-1.23523853899498,1.6613247725836153,0
-0.8682409093805952,0.988961058324804,-0.8236482522613263,-0.8726527060094256,1.0498767902159056,1.6613247725836153,0
-3.068912195417225,-3.0658009353078413,-0.8236482522613263,-0.8726527060094256,1.0498767902159056,-0.6019292654288461,0
1.5690025399049725,-0.2388664690643585,0.18394332720052334,1.116223958146851,1.0498767902159056,-0.6019292654288461,1
-0.4033491002053571,0.4092440825283294,-0.8236482522613263,-0.8726527060094256,1.0498767902159056,1.6613247725836153,0
-0.2259199777686538,0.3994735717002989,-0.8236482522613263,-0.8726527060094256,1.0498767902159056,-0.6019292654288461,1
0.3517562348159616,0.4678671474965122,-0.8236482522613263,-0.8726527060094256,-0.0926808743895372,-0.6019292654288461,1
-1.2657371604209615,1.0834093296624319,-0.8236482522613263,-0.8726527060094256,1.0498767902159056,-0.6019292654288461,0
-0.41022619797422155,1.4612024150129435,-0.8236482522613263,-0.8726527060094256,1.0498767902159056,1.6613247725836153,0
-0.6124128723788369,1.4644592519556203,-0.8236482522613263,-0.8726527060094256,1.0498767902159056,-0.6019292654288461,0
-0.06499588997722523,0.12589926851544575,-0.8236482522613263,-0.8726527060094256,1.0498767902159056,-0.6019292654288461,0
-0.5890307399646977,0.6600205271144448,-0.8236482522613263,-0.8726527060094256,1.0498767902159056,-0.6019292654288461,0
-0.9411381457305585,-0.02717206779036495,-0.8236482522613263,-0.8726527060094256,-1.23523853899498,-0.6019292654288461,0
0.8400301764053388,-0.3040032079178949,1.2762439332542983,1.20401400880926,-0.0926808743895372,-0.6019292654288461,0
-0.5491435729052838,0.6567636901717679,-0.8236482522613263,-0.8726527060094256,1.0498767902159056,-0.6019292654288461,0
0.8867944412336172,0.1877791704263054,-0.8236482522613263,-0.8726527060094256,-0.0926808743895372,-0.6019292654288461,1
0.915678251862848,-0.42776301173961423,1.267327193613043,1.1993818194585333,-0.0926808743895372,-0.6019292654288461,1
1.0738515005467308,-0.6687689454976992,0.754614664240863,1.238274564405099,-1.23523853899498,-0.6019292654288461,0
3.592244703504899,-1.336420518746448,1.4412036166175215,1.143168996782725,-1.23523853899498,-0.6019292654288461,1
1.563500861689881,0.36039152838817706,-0.8236482522613263,-0.8726527060094256,-0.0926808743895372,-0.6019292654288461,1
1.226523071015522,-0.09230880664390143,-0.8236482522613263,-0.8726527060094256,-0.0926808743895372,-0.6019292654288461,1
-0.9879024105588369,-1.2745406168355884,2.1099590897116696,1.2454513582848141,-1.23523853899498,-0.6019292654288461,0
0.39576966053669416,-1.8640281034600934,1.5927881905188617,1.2510571626710059,-1.23523853899498,-0.6019292654288461,0
-0.857237552950412,-2.385122014288385,1.0979091404291923,1.103504140111792,-0.0926808743895372,-0.6019292654288461,0
0.19495840568585168,1.060611471063694,-0.8236482522613263,-0.8726527060094256,1.0498767902159056,-0.6019292654288461,0
-0.7004397238203021,0.7056162443119204,-0.8236482522613263,-0.8726527060094256,1.0498767902159056,1.6613247725836153,0
0.17982879059434986,-0.561293326389364,0.9195743476040862,1.2240335192292713,1.0498767902159056,-0.6019292654288461,0
0.7423753880874634,-1.5871969633325633,0.870532279577182,1.2111261087511862,-1.23523853899498,1.6613247725836153,1
-0.8324800009824999,-1.1963765302113445,1.4947040544650534,1.2251139225675578,-1.23523853899498,-0.6019292654288461,0
-0.960394019483379,-1.0205073353067962,0.6164051998014057,0.5041878663216582,-1.23523853899498,-0.6019292654288461,1
-1.1502019179040384,-0.8250971187461867,-0.8236482522613263,-0.8726527060094256,1.0498767902159056,-0.6019292654288461,0
0.7685083596091483,0.601397462146262,-0.8236482522613263,-0.8726527060094256,-0.0926808743895372,1.6613247725836153,1
-1.3028734883728295,1.135518720745261,-0.8236482522613263,-0.8726527060094256,1.0498767902159056,-0.6019292654288461,0
0.837279337297793,0.20732019208236635,-0.8236482522613263,-0.8726527060094256,-0.0926808743895372,-0.6019292654288461,1
0.5030523857309799,0.8554307436750542,-0.8236482522613263,-0.8726527060094256,1.0498767902159056,-0.6019292654288461,0
-1.077304681554075,-0.4896429136504739,-0.8236482522613263,-0.8726527060094256,-0.0926808743895372,-0.6019292654288461,0
3.113598698791932,-1.5122897136509965,1.6239967792632553,1.1825510431231159,-0.0926808743895372,1.6613247725836153,1
1.4300851649739101,-1.411327768428015,0.8794490192184373,1.1808175810073254,-1.23523853899498,1.6613247725836153,1
-0.7554565059712178,0.7479551245667191,-0.8236482522613263,-0.8726527060094256,1.0498767902159056,1.6613247725836153,0
0.2981148722188187,1.2560216876243036,-0.8236482522613263,-0.8726527060094256,1.0498767902159056,-0.6019292654288461,0
-0.6880609478363461,0.7446982876240422,-0.8236482522613263,-0.8726527060094256,1.0498767902159056,-0.6019292654288461,0
0.8207743026525183,-1.3201363340330639,1.6373718887251383,1.1521056773945872,-0.0926808743895372,1.6613247725836153,1
-1.271238838636053,-2.147372917472977,1.2093683859448836,1.1793323701342198,-1.23523853899498,-0.6019292654288461,0
-0.32632560519407505,0.8163487003629324,-0.8236482522613263,-0.8726527060094256,-0.0926808743895372,1.6613247725836153,0
1.885349037272738,0.4222714302990367,-0.8236482522613263,-0.8726527060094256,-0.0926808743895372,-0.6019292654288461,1
0.7850133942544231,0.8326328850763165,-0.8236482522613263,-0.8726527060094256,-0.0926808743895372,-0.6019292654288461,1
-0.8985001395635988,1.4579455780702666,-0.8236482522613263,-0.8726527060094256,-1.23523853899498,1.6613247725836153,0
0.695611123259185,0.7349277767960117,-0.8236482522613263,-0.8726527060094256,-0.0926808743895372,-0.6019292654288461,1
-0.8256029032136354,1.467716088898297,-0.8236482522613263,-0.8726527060094256,1.0498767902159056,-0.6019292654288461,0
0.13994162353493594,0.5460312341207559,-0.8236482522613263,-0.8726527060094256,-0.0926808743895372,-0.6019292654288461,1
-3.14731110998228,1.467716088898297,-0.8236482522613263,-0.8726527060094256,-1.23523853899498,-0.6019292654288461,0
0.6405943411082692,-0.8218402818035099,1.1380344688148412,1.2194889408251024,-1.23523853899498,-0.6019292654288461,1
0.10280529558306781,-0.6264300652429005,0.6119468299807781,1.1181685090230844,-1.23523853899498,1.6613247725836153,0
-0.4239803935119505,1.467716088898297,-0.8236482522613263,-0.8726527060094256,1.0498767902159056,1.6613247725836153,0
1.1109878284985988,0.0347078341204947,-0.8236482522613263,-0.8726527060094256,-0.0926808743895372,-0.6019292654288461,1
-0.5312631187062362,0.9433653411273285,-0.8236482522613263,-0.8726527060094256,-1.23523853899498,-0.6019292654288461,0
-0.23829875375260984,1.467716088898297,-0.8236482522613263,-0.8726527060094256,-1.23523853899498,-0.6019292654288461,0
2.2044463737480493,0.13892661628615305,-0.8236482522613263,-0.8726527060094256,-0.0926808743895372,1.6613247725836153,1
0.9445620624920787,0.8684580914457615,-0.8236482522613263,-0.8726527060094256,1.0498767902159056,1.6613247725836153,0
-0.7045659824816208,0.7446982876240422,-0.8236482522613263,-0.8726527060094256,-1.23523853899498,-0.6019292654288461,1
0.9060503149864377,0.8814854392164688,-0.8236482522613263,-0.8726527060094256,1.0498767902159056,-0.6019292654288461,0
-1.089683457538031,1.467716088898297,-0.8236482522613263,-0.8726527060094256,-1.23523853899498,-0.6019292654288461,0
-0.6151637114863827,1.467716088898297,-0.8236482522613263,-0.8726527060094256,1.0498767902159056,-0.6019292654288461,0
2.069655257478306,0.23337488762378092,-0.8236482522613263,-0.8726527060094256,-0.0926808743895372,-0.6019292654288461,1
-0.39097032422140104,0.12589926851544575,-0.8236482522613263,-0.8726527060094256,1.0498767902159056,-0.6019292654288461,0
1.7849434098473167,-0.48638607670779704,0.7011142263933312,1.0363231800449249,-0.0926808743895372,-0.6019292654288461,0
-0.3840932264525366,-0.1704728932681452,0.7947399926265118,1.2287842651180672,1.0498767902159056,-0.6019292654288461,0
-0.9026263982249175,-0.5384954677906263,1.472412205361915,1.1672371767944838,-1.23523853899498,-0.6019292654288461,0
-0.4239803935119505,1.467716088898297,-0.8236482522613263,-0.8726527060094256,1.0498767902159056,1.6613247725836153,0
1.212069462265801,-0.08989463027417333,-0.8236482522613263,-0.8726527060094256,-0.0926808743895372,-0.6019292654288461,1
0.6494277725798938,0.7357264411949389,-0.8236482522613263,-0.8726527060094256,-0.0926808743895372,-0.6019292654288461,1
0.6137475842149064,-1.4509795571110766,0.8579611609459016,1.2256267471298457,-1.23523853899498,1.6613247725836153,1
-0.18785321447255096,0.3566808966033599,-0.8236482522613263,-0.8726527060094256,1.0498767902159056,-0.6019292654288461,1
-0.4075021989208987,-0.9449686889045501,1.1097264855486264,1.286048865754912,-1.23523853899498,1.6613247725836153,1
-0.3730020160186873,-0.9498865896654948,1.185071104022847,1.0966328932223885,-1.23523853899498,-0.6019292654288461,1
0.7463925106203638,0.6440420170855886,-0.8236482522613263,-0.8726527060094256,-0.0926808743895372,-0.6019292654288461,1
2.4367217464253903,-0.752091893591533,1.062864051104122,1.1643325554935495,-0.0926808743895372,-0.6019292654288461,1
1.7798971479277919,-0.8291891719293217,0.5942047622564002,1.0428564421934015,0.4183109406326433,1.6613247725836153,1
1.604432258823757,0.46104014419118855,-0.8236482522613263,-0.8726527060094256,-0.0926808743895372,-0.6019292654288461,1
0.3248928505368618,0.43088891828143167,-0.8236482522613263,-0.8726527060094256,-0.0926808743895372,-0.6019292654288461,1
-0.3943239097205757,-0.8531816988800124,1.0573564999094158,1.138562912455543,-1.23523853899498,-0.6019292654288461,1
1.329658523774365,0.11798573187673962,-0.8236482522613263,-0.8726527060094256,-0.0926808743895372,-0.6019292654288461,1
0.0010119822992212188,-1.0753112778505014,1.2096117081582902,1.1528803406293504,-1.23523853899498,-0.6019292654288461,1
2.6520097333456913,-0.9980141640579251,0.9753810822948038,1.1895086938511166,-0.0926808743895372,-0.6019292654288461,1
-0.09568229172635469,0.3832852690854303,-0.8236482522613263,-0.8726527060094256,-1.23523853899498,-0.6019292654288461,1
-0.2462326185729619,-1.2609250647302546,1.2135479051902855,1.219567867480423,-1.23523853899498,-0.6019292654288461,1
0.5081937340937169,0.36793131261850004,-0.8236482522613263,-0.8726527060094256,-0.0926808743895372,-0.6019292654288461,1
0.030793780972078286,0.45254943961759286,-0.8236482522613263,-0.8726527060094256,-0.0926808743895372,-0.6019292654288461,1
2.492211722084894,0.15742413424294524,-0.8236482522613263,-0.8726527060094256,-0.0926808743895372,1.6613247725836153,1
-0.8068356659932915,0.5408488813342405,-0.8236482522613263,-0.8726527060094256,-1.23523853899498,-0.6019292654288461,1
1.0646823239947674,0.8847502421210142,-0.8236482522613263,-0.8726527060094256,-0.0926808743895372,-0.6019292654288461,1
-0.3559477933223602,-0.9610319439600581,1.1513496999158246,1.1940802759461133,-1.23523853899498,-0.6019292654288461,1
0.27093121830568934,0.4257755925591291,-0.8236482522613263,-0.8726527060094256,-0.0926808743895372,-0.6019292654288461,1
0.08364105005977636,-1.5137023462431665,1.486791335968602,1.2095619648430298,-1.23523853899498,-0.6019292654288461,1
0.2800301730891493,0.5550818460251036,-0.8236482522613263,-0.8726527060094256,-0.0926808743895372,-0.6019292654288461,1
2.5758986366049674,-0.92353968548315,1.0293112362693528,1.1263697085516722,-0.0926808743895372,-0.6019292654288461,1
1.7285032080558067,0.37507074000740714,-0.8236482522613263,-0.8726527060094256,-0.0926808743895372,-0.6019292654288461,1
0.5888476903277932,0.2280354468310038,-0.8236482522613263,-0.8726527060094256,-0.0926808743895372,-0.6019292654288461,1
1.348382492077001,0.4273791735335982,-0.8236482522613263,-0.8726527060094256,0.23990509717316433,1.6613247725836153,1
-0.2083683079251884,-1.2397242506841366,1.2115816118473481,1.1388147462121874,-1.23523853899498,-0.6019292654288461,1
0.9837782806213718,-0.9544801295866314,1.3793304374927347,1.221154571445238,-1.23523853899498,1.6613247725836153,1
-0.2317903377107468,-1.2535894257990383,1.2228512262402988,1.1542978432324584,-1.23523853899498,-0.6019292654288461,1
0.7510813125922634,-0.6249779726926704,0.8711257253668548,1.2462650208687327,-1.23523853899498,-0.6019292654288461,1
-0.23757671628997476,-1.0331360986569886,1.1885195815889942,1.2435545489675486,-1.23523853899498,-0.6019292654288461,1
3.0442428879124557,-1.4987370276582146,1.6167212386345498,1.1889864070379506,-0.0926808743895372,1.6613247725836153,1
0.33867951863431484,-0.9603836036689396,1.3183542156390016,1.186021045435629,-1.23523853899498,1.6613247725836153,1
-0.7603523239361254,0.6731969418817146,-0.8236482522613263,-0.8726527060094256,-1.23523853899498,-0.6019292654288461,1
1.3614548683816485,-1.3784064124085107,1.8449824197407547,1.0752468531912425,-0.0926808743895372,1.6613247725836153,1
0.6432288262671848,-0.7517627001524118,1.2185405304034873,1.2831946600733977,-1.23523853899498,-0.6019292654288461,1
-0.07681760999099946,0.2003607512809196,-0.8236482522613263,-0.8726527060094256,-1.23523853899498,-0.6019292654288461,1
0.752959776335799,0.06312741685132692,-0.8236482522613263,-0.8726527060094256,-0.0926808743895372,-0.6019292654288461,1
0.6906488769263092,0.3118416555269934,-0.8236482522613263,-0.8726527060094256,-0.0926808743895372,-0.6019292654288461,1
-0.9131800346302839,-0.45611847903749964,0.13608083367808432,0.5116699655013701,-1.23523853899498,-0.6019292654288461,1
-0.05433973952966894,-1.0885465363259232,0.7456560073982741,1.2012962347847775,-1.23523853899498,-0.6019292654288461,1
1.1558260559164213,0.5754670049179642,-0.8236482522613263,-0.8726527060094256,-0.0926808743895372,-0.6019292654288461,1
0.6329299299905274,-0.5425062736545007,1.0991708838722756,1.2538564299733428,-1.23523853899498,-0.6019292654288461,1
1.0975970380061677,0.5752415311011116,-0.8236482522613263,-0.8726527060094256,-0.0926808743895372,-0.6019292654288461,1
-0.4689427442438642,-0.8931623000702054,0.9478101420789531,1.198443473052609,-1.23523853899498,1.6613247725836153,1
-0.14904290573625958,-1.201407605127915,1.140220389774036,1.2463995632187954,-1.23523853899498,-0.6019292654288461,1
0.8578151962363125,-0.6412690229431022,0.7991364930771274,1.2327405095413335,-1.23523853899498,-0.6019292654288461,1
1.127719847425858,0.5747394048689187,-0.8236482522613263,-0.8726527060094256,-0.0926808743895372,-0.6019292654288461,1
-0.6316549170849148,-0.5752077423747862,0.7334878372090928,1.2635880475213976,-1.23523853899498,-0.6019292654288461,1
2.3706718601148036,0.338668772571595,-0.8236482522613263,-0.8726527060094256,-0.0926808743895372,-0.6019292654288461,1
0.33256883814810023,0.4392242438793103,-0.8236482522613263,-0.8726527060094256,-0.0926808743895372,-0.6019292654288461,1
1.0676391390427988,-0.9568782435057799,1.187476195064517,1.2175145905234952,-0.0926808743895372,-0.6019292654288461,1
-0.8808759636032113,-1.0428289311033523,0.4841734581802514,0.39836646233229994,-1.23523853899498,1.6613247725836153,1
-0.1486597558124846,0.385325018754703,-0.8236482522613263,-0.8726527060094256,-1.23523853899498,-0.6019292654288461,1
1.134272168297098,-0.016252900664204456,-0.8236482522613263,-0.8726527060094256,-0.0926808743895372,-0.6019292654288461,1
1.1975597075970348,-1.1579233664159418,0.9227070671281429,1.1784548148557032,-0.0926808743895372,-0.6019292654288461,1
-0.5627860994769514,-0.7783879583455454,0.7653414704599005,1.1537950886494883,-1.23523853899498,-0.6019292654288461,1
-0.02437739990515775,0.29023377296138775,-0.8236482522613263,-0.8726527060094256,-1.23523853899498,-0.6019292654288461,1
-0.31451699717492804,-0.6570841386908894,0.9847063207971483,1.147561587892002,-1.23523853899498,-0.6019292654288461,1
2.07694197562144,0.3100598615507353,-0.8236482522613263,-0.8726527060094256,-0.0926808743895372,-0.6019292654288461,1
0.5201330829620228,-0.49031652213892024,1.1145116712604388,1.240115448005992,-1.23523853899498,-0.6019292654288461,1
0.26190145451903957,-0.0372965415741074,-0.8236482522613263,-0.8726527060094256,-1.23523853899498,-0.6019292654288461,1
1.0713320796318229,0.5043264886794697,-0.8236482522613263,-0.8726527060094256,-0.0926808743895372,-0.6019292654288461,1
1.7712238470268689,0.34379249618086766,-0.8236482522613263,-0.8726527060094256,-0.0926808743895372,1.6613247725836153,1
1.804911730446252,-1.4730666017976604,1.5850473352320806,1.2223976014761464,-1.23523853899498,1.6613247725836153,1
-0.5873333391236386,-0.7103454107145498,0.6975072178956904,1.1497500857420382,-1.23523853899498,1.6613247725836153,1
2.4553725602929766,-0.9751036246960032,0.9936673963451303,1.138486570891605,-0.0926808743895372,-0.6019292654288461,1
-0.32231011537018417,-1.0462235299073435,1.1020836538741658,1.2708029091333217,-1.23523853899498,-0.6019292654288461,1
0.5299064173997532,-1.570386878850924,1.4132334966086528,1.1498842031500345,-1.23523853899498,1.6613247725836153,1
-0.21752599878736856,-0.8169830523620226,0.8406876589828369,1.267044328637856,-1.23523853899498,1.6613247725836153,1
0.7703147345761294,0.6437363424010607,-0.8236482522613263,-0.8726527060094256,-0.0926808743895372,-0.6019292654288461,1
1.0598854275437009,0.6411985979061968,-0.8236482522613263,-0.8726527060094256,-0.0926808743895372,-0.6019292654288461,1
1.6043888490782485,0.4609334014190444,-0.8236482522613263,-0.8726527060094256,-0.0926808743895372,-0.6019292654288461,1
0.8584760254943155,0.22057067164337846,-0.8236482522613263,-0.8726527060094256,1.0498767902159056,1.6613247725836153,1
0.5121917443739191,-0.5025807719598021,1.0556127352214733,1.2341169219164496,-1.23523853899498,-0.6019292654288461,1
0.78681389367559,0.6495351787471174,-0.8236482522613263,-0.8726527060094256,-0.0926808743895372,-0.6019292654288461,1
-0.9065422790308241,-0.9021422517017292,0.3479795517370599,0.4417160963431814,-1.23523853899498,-0.6019292654288461,1
0.11421658217738875,0.5390026991535393,-0.8236482522613263,-0.8726527060094256,-0.0926808743895372,-0.6019292654288461,1
-0.9188446346166578,-0.48032287329495105,0.17620714074773863,0.5237370719675568,-1.23523853899498,-0.6019292654288461,1
2.2318982135744463,0.2350327213564921,-0.8236482522613263,-0.8726527060094256,-0.0926808743895372,-0.6019292654288461,1
0.012091116465916079,0.4406225667946939,-0.8236482522613263,-0.8726527060094256,-0.0926808743895372,-0.6019292654288461,1
2.869545318998966,-1.6224631058720214,1.2170693507863597,1.1417058662938486,-0.0926808743895372,1.6613247725836153,1
0.3642969823037862,-1.3136972753145024,1.4290979124860423,1.2126761320729518,-1.23523853899498,1.6613247725836153,1
1.5719747680046654,0.28930487278710393,-0.8236482522613263,-0.8726527060094256,-0.0926808743895372,1.6613247725836153,1
1.1108030862155145,-1.1995285087693974,1.4878077891840606,1.1079201941057544,-0.0926808743895372,1.6613247725836153,1
-0.38782207351599474,-0.819239934154608,1.0773971334988517,1.1551145987441533,-1.23523853899498,-0.6019292654288461,1
1.70514103530416,-1.4547478345615035,1.2955211195614962,1.1968829783279884,-1.23523853899498,1.6613247725836153,1
-0.187719829547249,0.5274123659861572,-0.8236482522613263,-0.8726527060094256,1.0498767902159056,-0.6019292654288461,1
0.5485300828846744,-1.3009552747148718,0.9222928639628325,1.2499139591706478,-1.23523853899498,1.6613247725836153,1
0.5386401041814242,-0.48953033579761307,1.0135083354096084,1.230074613559054,-1.23523853899498,-0.6019292654288461,1
1.5437747599584213,0.4564542583114723,-0.8236482522613263,-0.8726527060094256,-0.0926808743895372,-0.6019292654288461,1
1.4704842256979018,-1.7549421000464245,1.7678652481636639,1.24017816000856,-1.23523853899498,1.6613247725836153,1
-0.2088790087242958,-0.8805797033648625,1.1906953333125774,1.0871750026190314,-1.23523853899498,-0.6019292654288461,1
-0.5008386239383229,-1.3360168537086632,1.4673843589737015,1.167305587257504,-1.23523853899498,-0.6019292654288461,1
-0.3506940942935299,-0.9501118334909412,1.2018041283358836,1.2513768886512695,-1.23523853899498,-0.6019292654288461,1
2.0834809495517064,0.36536143163128915,-0.8236482522613263,-0.8726527060094256,-0.0926808743895372,-0.6019292654288461,1
1.1713410628594405,0.6089323365573852,-0.8236482522613263,-0.8726527060094256,-0.0926808743895372,-0.6019292654288461,1
1.1621184870345702,1.0035529248223094,-0.8236482522613263,-0.8726527060094256,0.17768891782567586,-0.6019292654288461,1
0.47778335407654804,0.3994735717002989,-0.8236482522613263,-0.8726527060094256,-0.0926808743895372,-0.6019292654288461,1
0.4036902857151124,-1.6552606214928014,1.2633892889356138,1.1893816013012828,-1.23523853899498,-0.6019292654288461,1
-0.964823030550384,-0.5431948890277081,0.21429175784588714,0.557533372962955,-1.23523853899498,-0.6019292654288461,1
-0.3885493323429659,-0.6113159936873758,0.44189130052457015,1.161421437184174,-1.23523853899498,-0.6019292654288461,1
-0.12964060900455124,-1.190928412152165,1.1634167334317718,1.0937007939524672,-1.23523853899498,-0.6019292654288461,1
0.14626191712870756,0.47713816871504033,-0.8236482522613263,-0.8726527060094256,-0.0926808743895372,1.6613247725836153,1
1.0421430044381776,-0.9003154002414839,1.3208897679440668,1.273714481757693,-0.0926808743895372,-0.6019292654288461,1
0.6730551175924444,-0.19199351668908252,-0.8236482522613263,-0.8726527060094256,-1.23523853899498,-0.6019292654288461,1
1.968331434776868,0.2942907946335507,-0.8236482522613263,-0.8726527060094256,1.0498767902159056,-0.6019292654288461,1
0.354287851379383,0.5354287889847041,-0.8236482522613263,-0.8726527060094256,-0.0926808743895372,1.6613247725836153,1
-0.5544621757065256,-0.673996260879197,0.7190867912877842,1.1881698603722277,-1.23523853899498,1.6613247725836153,1
1.0573792196728684,-0.6810744581965549,1.2373107384972577,1.254433077386321,-0.0926808743895372,-0.6019292654288461,1
-0.9415986221078357,-0.5039143493033408,0.17811775606375307,0.5384249745030539,-1.23523853899498,-0.6019292654288461,1
1.4792559920700246,0.34897217983796014,-0.8236482522613263,-0.8726527060094256,-0.0926808743895372,-0.6019292654288461,1
1.8892848390678538,0.42446426103976687,-0.8236482522613263,-0.8726527060094256,-0.0926808743895372,-0.6019292654288461,1
0.24303096147955505,0.4195479784293669,-0.8236482522613263,-0.8726527060094256,-0.0926808743895372,-0.6019292654288461,1
0.7062052399051048,0.7228174570577133,-0.8236482522613263,-0.8726527060094256,-0.0926808743895372,-0.6019292654288461,1
1.5928769101755311,-1.6745530740200234,1.6313120694176777,1.2213967332761115,-1.23523853899498,1.6613247725836153,1
2.271444114196131,0.19020222979897042,-0.8236482522613263,-0.8726527060094256,-0.0926808743895372,-0.6019292654288461,1
-0.9011536107397436,-1.03761237391057,0.3718624726810056,0.38457357432630523,-1.23523853899498,1.6613247725836153,1
-0.8983169821053025,-0.9314042287274056,0.28541943113975715,0.4263076695787211,-1.23523853899498,1.6613247725836153,1
0.5316460576544679,0.8517716056897642,-0.8236482522613263,-0.8726527060094256,-0.0926808743895372,-0.6019292654288461,1
-0.6652952331728719,-0.6708434297777722,0.85217173002956,1.1946504174131123,-1.23523853899498,-0.6019292654288461,1
0.6649800589467628,-0.8620508369551747,1.0912163772899375,1.291958507293707,-1.23523853899498,-0.6019292654288461,1
-0.8968196383403366,-1.066500976065204,0.48309828769595525,0.366537679858898,-1.23523853899498,1.6613247725836153,1
0.6507024191167934,0.18593329997700636,-0.8236482522613263,-0.8726527060094256,-0.0926808743895372,1.6613247725836153,1
2.023073410334608,0.38861962527303184,-0.8236482522613263,-0.8726527060094256,-0.0926808743895372,-0.6019292654288461,1
1.5439607102270267,0.4480883859854258,-0.8236482522613263,-0.8726527060094256,-0.0926808743895372,-0.6019292654288461,1
-0.373674331102976,-0.9331970377317031,1.172540518138716,1.1518886731887805,-1.23523853899498,-0.6019292654288461,1
1.1676566421831702,0.07244744983888224,-0.8236482522613263,-0.8726527060094256,-0.0926808743895372,-0.6019292654288461,1
1.2985565308114049,1.3817090965530887,-0.8236482522613263,-0.8726527060094256,1.0498767902159056,-0.6019292654288461,1
0.44432035440048806,0.3974432266009329,-0.8236482522613263,-0.8726527060094256,-0.0926808743895372,-0.6019292654288461,1
0.18317234960409598,0.5247739099985249,-0.8236482522613263,-0.8726527060094256,-0.0926808743895372,-0.6019292654288461,1
0.17373356064350856,0.5043793505107544,-0.8236482522613263,-0.8726527060094256,-0.0926808743895372,-0.6019292654288461,1
0.799310748981863,0.10235590230400918,-0.8236482522613263,-0.8726527060094256,-0.0926808743895372,-0.6019292654288461,1
2.5807566932128925,-1.6718353797542105,1.4026973902107434,1.146453981926186,-0.0926808743895372,1.6613247725836153,1
1.1469768724838074,-0.26201502107798436,0.922073658436504,1.2539050795993636,-0.0926808743895372,-0.6019292654288461,1
2.440146056736118,-0.8684333464229199,0.9093340198248938,1.1558110810095392,-0.0926808743895372,-0.6019292654288461,1
1.2488703427263597,-0.9228497675929332,1.3934606956633306,1.1946392974430544,-0.0926808743895372,1.6613247725836153,1
0.4778652601562028,-1.0781754032469022,1.4291920338505868,1.2117289890531717,-1.23523853899498,1.6613247725836153,1
-0.28409958529332574,-1.080874593458624,1.0287134624560457,1.236583754230429,-1.23523853899498,-0.6019292654288461,1
-0.49184967504116034,-1.3220674881459196,1.458330385232685,1.1620421018973432,-1.23523853899498,-0.6019292654288461,1
1.288554772094742,0.40809490126797854,-0.8236482522613263,-0.8726527060094256,-0.020297734725355232,1.6613247725836153,1
-0.6735262662543814,-0.6898463254608769,0.8808533520017184,1.1881892677421508,-1.23523853899498,-0.6019292654288461,1
-0.26651997020750595,-1.081318291636848,1.2799022026129183,1.139460476010714,-1.23523853899498,-0.6019292654288461,1
1.0398742058830988,-0.9585218485384664,1.3337245176679842,1.2751409000338536,-0.0926808743895372,-0.6019292654288461,1
0.29849037854133825,0.485581593314384,-0.8236482522613263,-0.8726527060094256,-0.0926808743895372,-0.6019292654288461,1
0.6065115881651387,-1.1117159482015129,1.328379591736972,1.230722919231524,-1.23523853899498,1.6613247725836153,1
0.6954431183980562,0.26652218129595123,-0.8236482522613263,-0.8726527060094256,-0.0926808743895372,-0.6019292654288461,1
1.0532559145667144,-0.7404066008505645,1.259929337248788,1.2596511129597014,-0.0926808743895372,-0.6019292654288461,1
-0.10949736232455368,0.26059317532617654,-0.8236482522613263,-0.8726527060094256,-1.23523853899498,-0.6019292654288461,1
-0.9533689414568338,-1.0205073353067962,0.6101430314047321,0.5207432095167362,-1.23523853899498,-0.6019292654288461,1
-0.16884481744750837,0.7536592500164813,-0.8236482522613263,-0.8726527060094256,1.0498767902159056,-0.6019292654288461,1
0.7013055784113473,-0.7807278523582553,0.9927364154254391,1.2745693083103176,-1.23523853899498,-0.6019292654288461,1
-0.9126880540050806,-1.0205073353067962,0.5738800081633683,0.6166120455210148,-1.23523853899498,-0.6019292654288461,1
2.526342242456286,-1.5365014823571592,1.2267132139239305,1.1811509602339105,-0.0926808743895372,1.6613247725836153,1
0.3366603786404372,0.4453320865427282,-0.8236482522613263,-0.8726527060094256,-0.0926808743895372,-0.6019292654288461,1
1.5643815571898163,0.4031419556648571,-0.8236482522613263,-0.8726527060094256,-0.0926808743895372,-0.6019292654288461,1
0.10261459373801762,-1.305546298834563,1.4908450428595732,1.2143881501355547,-1.23523853899498,-0.6019292654288461,1
-0.16828586846049026,-0.9262219533363788,1.1496916759872466,1.1082657901123256,-1.23523853899498,-0.6019292654288461,1
-0.6431916382579123,-0.6358946785604928,0.7160662508937192,1.1835780874979545,-1.23523853899498,1.6613247725836153,1
1.1024396353413448,0.5843453509536031,-0.8236482522613263,-0.8726527060094256,-0.0926808743895372,-0.6019292654288461,1
1.1895116257464324,0.5587673912196868,-0.8236482522613263,-0.8726527060094256,-0.0926808743895372,1.6613247725836153,1
-0.9105596649028669,-1.0845403523288963,0.4834069199134597,0.455429474722537,-1.23523853899498,-0.6019292654288461,1
2.8966308821692537,-1.5287686505912903,1.5218202679348594,1.1890026746121152,-0.0926808743895372,1.6613247725836153,1
-0.18204053951298074,-0.8120692787749839,0.7969647979264313,1.2605004136754332,-1.23523853899498,1.6613247725836153,1
0.7413292171491724,-0.19000821385798086,-0.8236482522613263,-0.8726527060094256,-1.23523853899498,-0.6019292654288461,1
1.1607949181069128,0.4829198490353027,-0.8236482522613263,-0.8726527060094256,-0.0926808743895372,-0.6019292654288461,1
-0.5632730168937999,-0.8087895914743314,0.6320541405595375,1.1206890300152357,-1.23523853899498,-0.6019292654288461,1
2.0371248279020535,0.39832441539425617,-0.8236482522613263,-0.8726527060094256,-0.0926808743895372,-0.6019292654288461,1
2.238103596226484,0.15547127588713777,-0.8236482522613263,-0.8726527060094256,-0.0926808743895372,-0.6019292654288461,1
-0.25577601619785373,-0.9235256493442751,1.213151096210872,1.0724131169167945,-1.23523853899498,-0.6019292654288461,1
-0.5222602485485411,-0.7806174822677089,0.6934136067445055,1.0897718815359578,-1.23523853899498,-0.6019292654288461,1
1.4584767898389577,0.3213706171634373,-0.8236482522613263,-0.8726527060094256,-0.0926808743895372,-0.6019292654288461,1
-0.9812584521132564,-0.6592811502795132,0.3262503181784361,0.36503258449143466,-1.23523853899498,-0.6019292654288461,1
0.5148664905230187,0.3521428278908793,-0.8236482522613263,-0.8726527060094256,-0.0926808743895372,-0.6019292654288461,1
0.5335094819888228,0.10180662483728636,-0.8236482522613263,-0.8726527060094256,0.3615532928555826,1.6613247725836153,1
-0.9336599960122157,-0.8947030061753147,0.22804816927109167,0.41184693052543203,-1.23523853899498,1.6613247725836153,1
-0.11871986248361524,0.27896477855536916,-0.8236482522613263,-0.8726527060094256,1.0498767902159056,-0.6019292654288461,1
1.8866071235956816,0.424374257504563,-0.8236482522613263,-0.8726527060094256,-0.0926808743895372,-0.6019292654288461,1
0.7397116527989623,0.18604522632861234,-0.8236482522613263,-0.8726527060094256,-0.0926808743895372,-0.6019292654288461,1
-0.002943897715698734,-1.2794627926222675,1.526674767917724,1.225189840158326,-1.23523853899498,-0.6019292654288461,1
0.7284437992110107,0.24673468801376747,-0.8236482522613263,-0.8726527060094256,-0.0926808743895372,-0.6019292654288461,1
1.2130170423615048,0.34145166153556045,-0.8236482522613263,-0.8726527060094256,1.0498767902159056,1.6613247725836153,1
1.7771591545148966,0.3472714216486047,-0.8236482522613263,-0.8726527060094256,-0.0926808743895372,1.6613247725836153,1
-0.6823586962940312,-0.5696821368440123,0.7748884321483439,1.205951099723763,-1.23523853899498,-0.6019292654288461,1
1.5823085564209867,0.40663887330386517,-0.8236482522613263,-0.8726527060094256,-0.0926808743895372,-0.6019292654288461,1
1.8348465130864746,-1.3693044919967001,1.734408723183982,1.152967788418534,-0.0926808743895372,1.6613247725836153,1
-0.5967936870799958,-0.6262485926059713,0.6874752723315252,1.1955314858591037,-1.23523853899498,-0.6019292654288461,1
-0.3789795988005217,-0.5726973653285328,0.4113201880525337,1.001671575804025,-1.23523853899498,-0.6019292654288461,1
0.848417499536103,0.7743720446512987,-0.8236482522613263,-0.8726527060094256,-0.0926808743895372,-0.6019292654288461,1
0.6817089829626033,0.6879497437800127,-0.8236482522613263,-0.8726527060094256,-0.0926808743895372,-0.6019292654288461,1
-0.9686340318504346,-0.991023424830433,0.622340685265638,0.5233045790535872,-1.23523853899498,-0.6019292654288461,1
1.8764633209319053,0.4450761209101458,-0.8236482522613263,-0.8726527060094256,1.0498767902159056,-0.6019292654288461,1
1.552832495673371,0.4957909695237111,-0.8236482522613263,-0.8726527060094256,-0.0926808743895372,-0.6019292654288461,1
-0.3008399816252815,-1.0606507662467084,1.08703616923154,1.2653806406430286,-1.23523853899498,-0.6019292654288461,1
0.3032171193152154,0.39667180878998226,-0.8236482522613263,-0.8726527060094256,-0.0926808743895372,-0.6019292654288461,1
-0.591149339734031,-0.6834697034003429,0.6878598147172402,1.1544562043540803,-1.23523853899498,1.6613247725836153,1
0.11656158305578238,-1.579964610716355,1.5217088725064645,1.1930899529110532,-1.23523853899498,-0.6019292654288461,1
0.4912330160129355,0.3883784505104421,-0.8236482522613263,-0.8726527060094256,-0.0926808743895372,-0.6019292654288461,1
0.5609871811371092,-0.005705740648476995,-0.8236482522613263,-0.8726527060094256,-0.9687620172451825,1.6613247725836153,1
0.734760374303318,0.20232864839210632,-0.8236482522613263,-0.8726527060094256,-0.0926808743895372,-0.6019292654288461,1
2.3612442028781593,-0.9670607376711202,0.9086399544748861,1.2290388950907258,-0.0926808743895372,-0.6019292654288461,1
1.107451346291111,0.5696083888674166,-0.8236482522613263,-0.8726527060094256,-0.0926808743895372,-0.6019292654288461,1
1.6149443326883104,-1.690973053046979,1.7363269728900037,1.2307872706821747,-1.23523853899498,1.6613247725836153,1
1.144337374454737,0.3156479318434283,-0.8236482522613263,-0.8726527060094256,1.0498767902159056,1.6613247725836153,1
-0.1746093373342996,-0.9458023630777693,1.1008135414208822,1.1035778834025685,-1.23523853899498,-0.6019292654288461,1
1.1384385552851968,0.5836569411295839,-0.8236482522613263,-0.8726527060094256,-0.0926808743895372,-0.6019292654288461,1
0.9360021003441319,0.8034843059629788,-0.8236482522613263,-0.8726527060094256,-0.0926808743895372,-0.6019292654288461,1
-0.4307635179774564,-0.5002330188727953,0.33765302013899534,1.1542370844020806,-1.23523853899498,-0.6019292654288461,1
-0.9297265044348398,-0.7656485551233407,0.22519870242416168,0.3428253825493319,-1.23523853899498,-0.6019292654288461,1
0.21073606151999635,0.4587701315176397,-0.8236482522613263,-0.8726527060094256,-0.0926808743895372,-0.6019292654288461,1
1.614664775924308,-0.9228975830318268,1.3640066394511214,1.2225174414516957,-0.0926808743895372,1.6613247725836153,1
1.0687532093357932,-1.0729779387725604,0.8797676364688631,1.140041430350244,-0.0926808743895372,-0.6019292654288461,1
1.554537558258653,0.41981895869980357,-0.8236482522613263,-0.8726527060094256,-0.0926808743895372,-0.6019292654288461,1
1.0803143733717662,0.5078713302033979,-0.8236482522613263,-0.8726527060094256,-0.0926808743895372,-0.6019292654288461,1
2.2596325636244186,0.3559844378041081,-0.8236482522613263,-0.8726527060094256,-0.0926808743895372,-0.6019292654288461,1
2.6278413216797265,-1.4173687961792174,1.573040017485719,1.2276233370865575,-0.0926808743895372,1.6613247725836153,1
-0.3978537947676465,-0.7157962018587973,0.5663412028475676,1.178140608675227,-1.23523853899498,-0.6019292654288461,1
0.5162243692099849,0.35418805624304156,-0.8236482522613263,-0.8726527060094256,-0.0926808743895372,-0.6019292654288461,1
0.31684870914902025,0.44935622898526956,-0.8236482522613263,-0.8726527060094256,-0.0926808743895372,-0.6019292654288461,1
0.5842597718901518,0.23055973146820152,-0.8236482522613263,-0.8726527060094256,-0.0926808743895372,1.6613247725836153,1
-0.22454376935229167,-1.0847457007946568,1.2681725260731724,1.1837226667794316,-1.23523853899498,-0.6019292654288461,1
1.4534545639154701,0.4062305388629117,-0.8236482522613263,-0.8726527060094256,1.0498767902159056,-0.6019292654288461,1
0.6053655128300229,-0.7624765605807877,1.2058245460820203,1.2886675074895735,-1.23523853899498,-0.6019292654288461,1
0.9911579883276513,0.8447668205989157,-0.8236482522613263,-0.8726527060094256,-0.0926808743895372,-0.6019292654288461,1
-0.9572017298319156,-1.0194274812319233,0.6145573989662578,0.5099119399556683,-1.23523853899498,-0.6019292654288461,1
0.9313680513688778,-0.8960660284786909,1.193574781920764,1.2394132726731473,-1.23523853899498,-0.6019292654288461,1
0.34869127234144776,0.27505144326727926,-0.8236482522613263,-0.8726527060094256,-0.0926808743895372,1.6613247725836153,1
0.45425229163792386,0.35838933986150995,-0.8236482522613263,-0.8726527060094256,-0.0926808743895372,-0.6019292654288461,1
1.9167784932975636,0.43393127361996264,-0.8236482522613263,-0.8726527060094256,-0.0926808743895372,-0.6019292654288461,1
0.49148669384127147,-1.447715398926712,1.5343300005025278,1.2379979840934534,-1.23523853899498,1.6613247725836153,1
-0.311029279256851,-1.053803887377233,1.0941774055858122,1.2679539412168546,-1.23523853899498,-0.6019292654288461,1
-0.18327952062586064,-0.9644401645411421,1.0507940950824501,1.0975815888114642,-1.23523853899498,-0.6019292654288461,1
0.6380507960749588,-0.9151940710603398,1.1627688803247223,1.29850892781359,-1.23523853899498,-0.6019292654288461,1
-0.18433401809795574,-1.1057602344030064,1.2543126962051248,1.2346149954270174,-1.23523853899498,-0.6019292654288461,1
-0.3196130168460693,-0.6414169401304,1.002614102824015,1.1614161540815144,-1.23523853899498,-0.6019292654288461,1
-0.14111839368413587,-1.1976493745408319,1.1488982276663626,1.1983349925995777,-1.23523853899498,-0.6019292654288461,1
1.9502039728091949,0.4584053373745659,-0.8236482522613263,-0.8726527060094256,-0.0926808743895372,-0.6019292654288461,1
1.0738179861428614,0.5053075459550458,-0.8236482522613263,-0.8726527060094256,-0.0926808743895372,-0.6019292654288461,1
1.3665678227466356,-1.2898765202795965,0.9732106914497556,1.188010486256285,-1.23523853899498,1.6613247725836153,1
-0.5289842649721551,-0.7751061226671562,0.6825157858526136,1.0990517794065813,-1.23523853899498,-0.6019292654288461,1
-0.17251304667419082,-1.0892946305253404,1.2540078399664476,1.2374588459725175,-1.23523853899498,-0.6019292654288461,1
0.47279112933972844,0.3994735717002989,-0.8236482522613263,-0.8726527060094256,-0.0926808743895372,-0.6019292654288461,1
1.2496782455643172,-1.06637244176295,1.1457582483643738,1.2012474326362979,-1.23523853899498,1.6613247725836153,1
2.3338033743206537,0.17250324725879912,-0.8236482522613263,-0.8726527060094256,-0.0926808743895372,1.6613247725836153,1
1.544781086463958,-1.3849418735490913,1.8694338543285722,1.0795936302486024,-0.0926808743895372,1.6613247725836153,1
0.6964631460048099,0.7314307891408705,-0.8236482522613263,-0.8726527060094256,-0.0926808743895372,-0.6019292654288461,1
-0.1477373863784953,-1.1932259556386258,1.1447419138569792,1.2466314566987684,-1.23523853899498,-0.6019292654288461,1
-0.36752408300529604,-0.9633209658527179,1.1990226476888524,1.0871497150391656,-1.23523853899498,-0.6019292654288461,1
-0.6253995557829588,-0.8508965081913545,0.8381487423390896,1.1653989840359789,-1.23523853899498,1.6613247725836153,1
0.5899254736388555,0.3581824148347936,-0.8236482522613263,-0.8726527060094256,-0.0926808743895372,-0.6019292654288461,1
0.763934498684113,-0.6111695541805113,0.8317772320357519,1.241623926118303,-1.23523853899498,-0.6019292654288461,1
2.2552630815312256,-1.1286104692233363,1.2362462159545489,1.1906572054032782,-0.0926808743895372,-0.6019292654288461,1
0.7553535132868755,0.6374137083178024,-0.8236482522613263,-0.8726527060094256,-0.0926808743895372,-0.6019292654288461,1
0.6272444466507481,0.36588966917765736,-0.8236482522613263,-0.8726527060094256,-0.0926808743895372,-0.6019292654288461,1
-0.26671659190965363,-1.059245322623357,0.9625906975364917,1.1615567267183768,-1.23523853899498,-0.6019292654288461,1
0.3576446252512486,0.5347334069622649,-0.8236482522613263,-0.8726527060094256,-0.0926808743895372,1.6613247725836153,1
0.5884995168570863,-1.3291653575919145,1.4952475529811515,1.2073082287128907,-1.23523853899498,1.6613247725836153,1
-0.29322638542154245,-1.1969615311303323,1.1735404108267378,1.2287634232249134,-1.23523853899498,-0.6019292654288461,1
-0.41160408569692597,-0.5602350042121632,0.38974072078006733,1.1411851601901204,-1.23523853899498,-0.6019292654288461,1
1.2688239657069966,-1.6312408455401965,1.7351636719158432,1.2358379860118738,-1.23523853899498,1.6613247725836153,1
1.0920141398474184,0.5124886160798022,-0.8236482522613263,-0.8726527060094256,-0.0926808743895372,-0.6019292654288461,1
-0.6302890938786664,-0.6993841751726686,0.8431756478430066,1.2054510056021546,-1.23523853899498,-0.6019292654288461,1
1.8106544594727876,-1.466479273037947,1.5804741401651623,1.2221439811315973,-1.23523853899498,1.6613247725836153,1
0.3932509304543206,-1.782885603941123,1.268494947701863,1.1920914069580129,-1.23523853899498,-0.6019292654288461,1
